Date,Gold_LBMA Fix,Iron Ore_Fines cfr main China port 62%,Cu,WTI,NG_Nymex,EUR/USD,Dow,Shanghai Composite,US Oil Production (Kbarrel),US Natural Gas Storage (BCF),US Natural Gas Storage (YoY),US 10Yr R,US_IP,China_IP,EU19_IP,US MB,EU MB
2009-01-02,871.44 ,79.00 ,"3,430.00",40.83,5.516,1.344,"8,599.18","1,904.86",4935,2830,0.029090909,2.24,,,,,
2009-01-09,852.90 ,77.50 ,"3,359.00",36.51,4.801,1.3304,"8,281.22","1,954.44",4917,2736,0.016722408,2.48,,,,,
2009-01-16,825.70 ,81.00 ,"3,290.00",46.47,4.518,1.2992,"8,077.56","1,990.66",5052,2560,0.009463722,2.3,,,,,
2009-01-23,851.75 ,81.00 ,"3,211.75",41.68,4.417,1.2782,"8,000.86",,5045,2374,0.049513705,2.56,,,,,
2009-01-30,898.15 ,80.50 ,"3,600.00",40.17,4.774,1.2933,"8,280.59","2,181.24",5235,2179,0.056741028,2.75,,,,,
2009-02-06,909.35 ,84.50 ,"3,445.00",37.51,4.452,1.2862,"7,850.41","2,320.79",5327,2020,0.040164779,2.92,,,,,
2009-02-13,920.45 ,85.00 ,"3,170.00",38.94,4.006,1.2843,"7,365.67","2,261.48",5323,1996,0.127683616,2.88,,,,,
2009-02-20,964.90 ,82.00 ,"3,423.00",44.76,4.198,1.2669,"7,062.93","2,082.85",5300,1895,0.170475602,2.75,,,,,
2009-02-27,964.35 ,75.00 ,"3,716.00",45.52,3.945,1.2641,"6,626.94","2,193.01",5373,1793,0.208221024,2.91,,,,,
2009-03-06,927.25 ,67.50 ,"3,685.00",46.25,3.932,1.2925,"7,223.98","2,128.85",5401,1681,0.202432046,2.9,,,,,
2009-03-13,916.15 ,67.50 ,"3,960.00",51.06,4.227,1.3583,"7,278.38","2,281.09",5414,1651,0.257425743,2.92,,,,,
2009-03-20,929.60 ,66.00 ,"4,015.00",52.38,3.631,1.3301,"7,776.18","2,374.44",5432,1654,0.295223179,2.75,,,,,
2009-03-27,933.05 ,63.75 ,"4,350.00",52.51,3.801,1.3483,"8,017.59","2,419.78",5480,1654,0.325320513,2.74,,,,,
2009-04-03,915.45 ,63.50 ,"4,568.75",52.24,3.61,1.3188,"8,083.38","2,444.23",5469,1674,0.356564019,2.76,,,,,
2009-04-10,882.44 ,63.50 ,"4,795.00",50.33,3.729,1.3041,"8,131.33","2,503.93",5482,1695,0.344171293,2.93,,,,,
2009-04-17,887.06 ,62.50 ,"4,480.00",51.55,3.297,1.3255,"8,076.29","2,448.59",5421,1741,0.354863813,2.87,,,,,
2009-04-24,889.45 ,63.00 ,"4,625.00",53.2,3.546,1.3266,"8,212.41","2,477.57",5269,1823,0.32968636,2.96,,,,,
2009-05-01,894.75 ,64.50 ,"4,699.00",58.63,4.311,1.3647,"8,574.65","2,625.64",5280,1911,0.330779944,3.1,,,,,
2009-05-08,909.19 ,65.50 ,"4,435.00",56.34,4.098,1.3496,"8,268.64","2,645.26",5306,2005,0.311314585,3.23,,,,,
2009-05-15,921.30 ,67.00 ,"4,616.00",61.67,3.515,1.3994,"8,277.32","2,597.60",5352,2107,0.305452292,3.14,,,,,
2009-05-22,934.45 ,67.50 ,"4,795.00",66.31,3.835,1.4154,"8,500.33","2,632.93",5364,2213,0.300999412,3.29,,,,,
2009-05-29,953.31 ,69.00 ,"5,003.00",68.44,3.868,1.3975,"8,763.13","2,753.89",5358,2337,0.294019934,3.59,,,,,
2009-06-05,976.90 ,76.50 ,"5,225.00",72.04,3.857,1.4024,"8,799.26","2,743.76",5358,2443,0.29533404,3.7,,,,,
2009-06-12,952.65 ,75.00 ,"4,950.00",69.55,4.032,1.3943,"8,539.73","2,880.49",5273,2557,0.316006176,3.89,,,,,
2009-06-19,934.60 ,77.50 ,"5,052.50",69.16,3.949,1.4053,"8,438.39","2,928.21",5257,2651,0.30398426,3.75,,,,,
2009-06-26,930.05 ,81.50 ,"4,960.00",66.73,3.615,1.3964,"8,280.74","3,088.37",5163,2721,0.28470255,3.63,,,,,
2009-07-03,936.15 ,82.50 ,"4,880.00",59.89,3.373,1.3933,"8,146.52","3,113.93",5171,2796,0.266304348,3.53,,,,,
2009-07-10,918.55 ,87.00 ,"5,318.00",63.56,3.669,1.4099,"8,743.94","3,189.74",5171,2886,0.248269896,3.42,,,,,
2009-07-17,926.00 ,91.00 ,"5,529.00",68.05,3.695,1.4205,"9,093.24","3,372.60",5176,2952,0.232053422,3.55,,,,,
2009-07-24,950.10 ,95.00 ,"5,748.00",69.45,3.653,1.425,"9,171.61","3,412.06",5107,3023,0.228362454,3.62,,,,,
2009-07-31,943.00 ,100.50 ,"6,125.00",70.93,3.674,1.4188,"9,370.07","3,260.69",5246,3089,0.227254668,3.67,,,,,
2009-08-07,958.70 ,111.00 ,"6,205.00",67.51,3.238,1.4205,"9,321.40","3,046.97",5172,3152,0.227892481,3.77,,,,,
2009-08-14,951.30 ,110.50 ,"6,305.00",73.89,2.804,1.4323,"9,505.96","2,960.77",5169,3204,0.206779661,3.67,,,,,
2009-08-21,939.00 ,98.00 ,"6,505.00",72.74,3.033,1.4299,"9,544.20","2,860.69",5173,3258,0.18171926,3.48,,,,,
2009-08-28,949.00 ,87.50 ,"6,265.00",68.02,2.728,1.4293,"9,441.27","2,861.61",5244,3323,0.167193537,3.46,,,,,
2009-09-04,968.63 ,82.00 ,"6,230.00",69.29,2.96,1.457,"9,605.41","2,989.79",5266,3392,0.167641997,3.37,,,,,
2009-09-11,995.95 ,83.00 ,"6,139.00",72.04,3.778,1.471,"9,820.20","2,962.67",5304,3458,0.163526245,3.41,,,,,
2009-09-18,"1,008.65 ",85.50 ,"6,001.75",66.02,3.985,1.4688,"9,665.19","2,838.84",5300,3525,0.166060205,3.46,,,,,
2009-09-25,"1,008.15 ",89.00 ,"5,897.25",69.95,4.718,1.4572,"9,487.67","2,779.43",5375,3589,0.154019293,3.43,,,,,
2009-10-02,997.45 ,91.00 ,"6,230.50",71.77,4.77,1.473,"9,864.94","2,911.72",5360,3658,0.1438399,3.28,,,,,
2009-10-09,"1,034.60 ",91.00 ,"6,240.00",78.53,4.781,1.4906,"9,995.91","2,976.63",5377,3716,0.133963991,3.28,,,,,
2009-10-16,"1,056.55 ",90.50 ,"6,646.00",80.5,4.787,1.5003,"9,972.18","3,107.85",5371,3734,0.115625934,3.43,,,,,
2009-10-23,"1,057.60 ",93.50 ,"6,490.00",77,5.045,1.4718,"9,712.73","2,995.85",5357,3759,0.107869142,3.43,,,,,
2009-10-30,"1,041.95 ",94.50 ,"6,495.00",77.43,4.595,1.4849,"10,023.42","3,164.04",5391,3788,0.110199297,3.49,,,,,
2009-11-06,"1,076.95 ",99.50 ,"6,542.75",76.35,4.392,1.4917,"10,270.47","3,187.65",5506,3813,0.098214286,3.53,,,,,
2009-11-13,"1,109.30 ",104.50 ,"6,857.00",76.72,4.424,1.4861,"10,318.16","3,308.35",5317,3833,0.09891055,3.48,,,,,
2009-11-20,"1,137.00 ",105.50 ,"6,860.00",76.05,5.192,1.4967,"10,309.92","3,096.26",5433,3835,0.120689655,3.35,,,,,
2009-11-27,"1,172.05 ",107.00 ,"7,055.00",75.47,4.586,1.4851,"10,388.90","3,317.04",5561,3837,0.142644431,3.3,,,,,
2009-12-04,"1,199.70 ",107.00 ,"6,880.00",69.87,5.163,1.4623,"10,471.50","3,247.32",5538,3773,0.146460043,3.34,,,,,
2009-12-11,"1,143.95 ",106.00 ,"6,898.00",73.36,5.782,1.4343,"10,328.89","3,113.89",5524,3566,0.125986738,3.47,,,,,
2009-12-18,"1,119.40 ",112.00 ,"7,134.00",78.05,5.643,1.4397,"10,520.10","3,141.35",5524,3400,0.125827815,3.56,,,,,
2009-12-25,"1,098.13 ",,"7,408.00",79.36,5.572,1.4326,"10,428.05","3,277.14",5512,3276,0.138686131,3.76,,,,,
2010-01-01,"1,099.83 ",111.50 ,"7,510.00",82.75,5.749,1.4413,"10,618.19","3,196.00",5507,3117,0.101413428,3.83,,,,,
2010-01-08,"1,123.15 ",135.00 ,"7,390.00",78,5.691,1.4385,"10,609.65","3,224.15",5496,2850,0.041666667,3.83,,,,,
2010-01-15,"1,142.60 ",135.00 ,"7,395.00",74.54,5.819,1.4138,"10,172.98","3,128.59",5404,2607,0.018359375,3.77,,,,,
2010-01-22,"1,119.85 ",131.50 ,"6,738.25",72.89,5.131,1.3864,"10,067.33","2,989.29",5421,2521,0.061920809,3.66,,,,,
2010-01-29,"1,092.70 ",126.00 ,"6,285.00",71.19,5.515,1.3664,"10,012.23","2,939.40",5403,2406,0.104176228,3.66,,,,,
2010-02-05,"1,093.85 ",128.50 ,"6,790.00",74.13,5.468,1.3618,"10,099.14","3,018.13",5475,2214,0.096039604,3.66,,,,,
2010-02-12,"1,074.25 ",129.50 ,"7,411.50",79.81,5.044,1.3615,"10,402.35",,5482,2026,0.01503006,3.69,,,,,
2010-02-19,"1,109.10 ",129.50 ,"7,226.00",79.66,4.813,1.3626,"10,325.26","3,051.94",5505,1853,-0.022163588,3.74,,,,,
2010-02-26,"1,106.00 ",138.50 ,"7,532.00",81.5,4.593,1.3622,"10,566.20","3,031.07",5510,1738,-0.030674847,3.69,,,,,
2010-03-05,"1,128.15 ",137.50 ,"7,461.00",81.24,4.4,1.3763,"10,624.69","3,013.41",5527,1627,-0.032123736,3.63,,,,,
2010-03-12,"1,120.65 ",137.50 ,"7,445.00",80.68,4.169,1.3534,"10,741.98","3,067.75",5540,1614,-0.02241066,3.72,,,,,
2010-03-19,"1,118.55 ",148.00 ,"7,515.00",80,3.872,1.3413,"10,850.36","3,059.72",5536,1626,-0.016928658,3.68,,,,,
2010-03-26,"1,098.10 ",152.00 ,"7,885.00",84.87,4.086,1.3504,"10,927.07","3,157.96",5489,1638,-0.009673519,3.79,,,,,
2010-04-02,"1,111.63 ",152.00 ,"7,915.00",84.92,4.07,1.3499,"10,997.35","3,145.35",5473,1670,-0.002389486,3.89,,,,,
2010-04-09,"1,139.94 ",171.50 ,"7,773.50",83.24,4.039,1.3499,"11,018.66","3,130.30",5475,1754,0.03480826,3.94,,,,,
2010-04-16,"1,156.00 ",186.50 ,"7,761.00",85.12,4.257,1.3386,"11,204.28","2,983.54",5466,1828,0.049971281,3.85,,,,,
2010-04-23,"1,139.60 ",189.50 ,"7,407.00",86.15,3.92,1.3298,"11,008.61","2,870.61",5488,1912,0.048820625,3.81,,,,,
2010-04-30,"1,163.15 ",186.00 ,"6,928.75",75.11,4.015,1.2762,"10,380.43","2,688.38",5522,1994,0.043432758,3.76,,,,,
2010-05-07,"1,183.46 ",183.50 ,"6,890.00",71.61,4.312,1.2363,"10,620.16","2,696.63",5533,2091,0.042892768,3.56,,,,,
2010-05-14,"1,222.45 ",176.00 ,"6,824.00",70.04,4.035,1.2573,"10,193.39","2,583.52",5516,2165,0.02752729,3.54,,,,,
2010-05-21,"1,205.10 ",155.50 ,"6,869.75",73.97,4.341,1.227,"10,136.63","2,655.77",5540,2268,0.024853141,3.33,,,,,
2010-05-28,"1,202.10 ",149.00 ,"6,250.00",71.51,4.797,1.1976,"9,931.97","2,553.59",5320,2357,0.00855798,3.25,,,,,
2010-06-04,"1,216.00 ",151.00 ,"6,460.00",73.78,4.781,1.2113,"10,211.07","2,569.94",5445,2456,0.005321326,3.31,,,,,
2010-06-11,"1,227.18 ",151.50 ,"6,420.00",77.18,4.997,1.2387,"10,450.64","2,513.22",5503,2542,-0.00586625,3.22,,,,,
2010-06-18,"1,233.30 ",152.00 ,"6,871.50",78.86,4.861,1.2377,"10,143.81","2,552.82",5501,2625,-0.00980762,3.26,,,,,
2010-06-25,"1,242.70 ",148.50 ,"6,450.00",72.14,4.687,1.2563,"9,686.48","2,382.90",5257,2684,-0.013597942,3.17,,,,,
2010-07-02,"1,236.60 ",139.50 ,"6,745.00",76.09,4.402,1.2637,"10,198.03","2,470.92",5414,2761,-0.012517883,2.99,,,,,
2010-07-09,"1,200.55 ",129.00 ,"6,498.00",76.01,4.519,1.2933,"10,097.90","2,424.27",5352,2841,-0.015592516,3.02,,,,,
2010-07-16,"1,207.80 ",124.00 ,"7,018.25",78.98,4.58,1.2907,"10,424.62","2,572.03",5460,2893,-0.01998645,3.05,,,,,
2010-07-23,"1,189.75 ",135.50 ,"7,281.75",78.95,4.923,1.3048,"10,465.94","2,637.50",5486,2919,-0.034402911,2.97,,,,,
2010-07-30,"1,174.20 ",141.00 ,"7,348.75",80.7,4.467,1.3285,"10,653.56","2,658.39",5440,2947,-0.045969569,3.02,,,,,
2010-08-06,"1,189.30 ",149.00 ,"7,132.75",75.39,4.328,1.2752,"10,303.15","2,606.70",5239,2984,-0.053299492,2.94,,,,,
2010-08-13,"1,203.15 ",153.00 ,"7,245.00",73.46,4.117,1.2708,"10,213.62","2,642.31",5352,3013,-0.059612984,2.76,,,,,
2010-08-20,"1,225.95 ",157.00 ,"7,453.25",75.17,3.651,1.2765,"10,150.65","2,610.74",5511,3054,-0.062615101,2.61,,,,,
2010-08-27,"1,231.45 ",152.00 ,"7,635.50",74.6,3.939,1.2896,"10,447.93","2,655.39",5602,3105,-0.06560337,2.56,,,,,
2010-09-03,"1,245.81 ",150.50 ,"7,471.25",76.45,3.883,1.268,"10,462.77","2,663.21",5603,3163,-0.067511792,2.59,,,,,
2010-09-10,"1,251.40 ",147.50 ,"7,718.75",73.66,4.024,1.3048,"10,607.85","2,598.69",5573,3267,-0.055234239,2.71,,,,,
2010-09-17,"1,263.88 ",145.50 ,"7,949.50",76.49,3.881,1.3491,"10,860.26","2,591.55",5556,3341,-0.052198582,2.74,,,,,
2010-09-24,"1,288.05 ",145.50 ,"8,093.00",81.58,3.797,1.3792,"10,829.68","2,655.66",5562,3415,-0.048481471,2.61,,,,,
2010-10-01,"1,303.75 ",148.00 ,"8,306.00",82.66,3.651,1.3943,"11,006.48","2,738.74",5514,3499,-0.043466375,2.52,,,,,
2010-10-08,"1,335.75 ",153.00 ,"8,381.50",81.25,3.535,1.3979,"11,062.78","2,971.16",5528,3590,-0.033907427,2.45,,,,,
2010-10-15,"1,361.70 ",159.00 ,"8,326.00",81.69,3.332,1.3952,"11,132.56","2,975.04",5536,3683,-0.013658275,2.5,,,,,
2010-10-22,"1,346.45 ",159.00 ,"8,191.25",81.43,4.038,1.395,"11,118.49","2,978.83",5540,3754,-0.001330141,2.54,,,,,
2010-10-29,"1,334.90 ",157.00 ,"8,653.00",86.85,3.937,1.4034,"11,444.08","3,129.50",5593,3821,0.008711721,2.67,,,,,
2010-11-05,"1,364.65 ",160.00 ,"8,628.00",84.88,3.799,1.3693,"11,192.58","2,985.43",5596,3840,0.007081039,2.61,,,,,
2010-11-12,"1,401.65 ",165.50 ,"8,431.00",81.51,4.164,1.3687,"11,203.55","2,888.57",5597,3834,0.000260892,2.68,,,,,
2010-11-19,"1,356.20 ",165.50 ,"8,287.00",83.76,4.399,1.3243,"11,092.00","2,871.70",5581,3828,-0.001825293,2.89,,,,,
2010-11-26,"1,366.35 ",170.00 ,"8,768.00",89.19,4.349,1.3415,"11,382.09","2,842.43",5555,3805,-0.008339849,2.84,,,,,
2010-12-03,"1,381.65 ",165.50 ,"9,033.00",87.79,4.417,1.3234,"11,410.32","2,841.04",5582,3717,-0.014842301,2.93,,,,,
2010-12-10,"1,400.90 ",170.00 ,"9,104.00",88.02,4.066,1.3182,"11,491.91","2,893.74",5604,3553,-0.003645541,3.18,,,,,
2010-12-17,"1,388.05 ",174.00 ,"9,388.00",91.51,4.083,1.3118,"11,573.49","2,835.16",5598,3369,-0.009117647,3.42,,,,,
2010-12-24,"1,384.10 ",,"9,644.00",91.38,4.405,1.3379,"11,577.51","2,808.08",5575,3232,-0.013431013,3.37,,,,,
2010-12-31,"1,408.42 ",,"9,436.00",88.03,4.422,1.2919,"11,674.76","2,838.80",5598,3097,-0.006416426,3.38,,,,,
2011-01-07,"1,380.56 ",178.00 ,"9,662.00",91.54,4.48,1.3377,"11,787.38","2,791.34",5575,2960,0.038596491,3.4,,,,,
2011-01-14,"1,376.55 ",182.00 ,"9,462.50",89.11,4.736,1.3618,"11,871.84","2,715.29",5205,2716,0.04181051,3.36,,,,,
2011-01-21,"1,361.70 ",189.50 ,"9,548.50",89.34,4.323,1.3613,"11,823.70","2,752.75",5321,2543,0.008726696,3.42,,,,,
2011-01-28,"1,332.50 ",189.50 ,"10,067.00",89.03,4.31,1.3586,"12,092.15","2,798.96",5568,2355,-0.021197007,3.4,,,,,
2011-02-04,"1,337.60 ",182.00 ,"9,975.50",85.58,3.91,1.3549,"12,273.26","2,827.33",5597,2144,-0.031616983,3.54,,,,,
2011-02-11,"1,356.25 ",196.00 ,"9,860.00",86.2,3.876,1.3697,"12,391.25","2,899.79",5610,1910,-0.057255676,3.68,,,,,
2011-02-18,"1,373.20 ",198.00 ,"9,761.00",97.88,4.005,1.3751,"12,130.45","2,878.57",5604,1831,-0.011872639,3.6,,,,,
2011-02-25,"1,402.95 ",198.00 ,"9,882.50",104.42,3.809,1.3985,"12,169.88","2,942.31",5591,1745,0.004027618,3.46,,,,,
2011-03-04,"1,420.65 ",183.50 ,"9,171.00",101.16,3.889,1.391,"12,044.40","2,933.80",5593,1672,0.027658267,3.47,,,,,
2011-03-11,"1,427.50 ",175.50 ,"9,513.50",101.07,4.168,1.4179,"11,858.52","2,906.89",5591,1616,0.001239157,3.46,,,,,
2011-03-18,"1,409.80 ",170.50 ,"9,707.00",105.4,4.403,1.4084,"12,220.59","2,977.81",5570,1611,-0.009225092,3.29,,,,,
2011-03-25,"1,432.30 ",173.00 ,"9,365.00",107.94,4.362,1.4231,"12,376.72","2,967.41",5568,1622,-0.00976801,3.38,,,,,
2011-04-01,"1,423.70 ",180.50 ,"9,893.50",112.79,4.041,1.4481,"12,380.05","3,030.02",5638,1578,-0.05508982,3.47,,,,,
2011-04-08,"1,450.20 ",186.50 ,"9,382.25",109.66,4.204,1.4432,"12,341.83","3,050.53",5635,1606,-0.084378563,3.54,,,,,
2011-04-15,"1,463.75 ",188.00 ,"9,681.50",112.29,4.412,1.4556,"12,505.99","3,010.52",5625,1654,-0.095185996,3.51,,,,,
2011-04-22,"1,497.88 ",186.50 ,"9,371.75",113.93,4.698,1.4802,"12,810.54","2,911.51",5610,1685,-0.118723849,3.41,,,,,
2011-04-29,"1,514.67 ",188.50 ,"8,780.50",97.18,4.235,1.431,"12,638.74","2,863.89",5623,1757,-0.11885657,3.36,,,,,
2011-05-06,"1,521.19 ",189.50 ,"8,816.50",99.65,4.246,1.4121,"12,595.75","2,871.03",5609,1827,-0.12625538,3.24,,,,,
2011-05-13,"1,509.20 ",187.50 ,"9,072.00",99.49,4.23,1.4155,"12,512.04","2,858.46",5618,1919,-0.113625866,3.2,,,,,
2011-05-20,"1,494.65 ",183.50 ,"9,199.75",100.59,4.518,1.4324,"12,441.58","2,709.95",5583,2023,-0.108024691,3.15,,,,,
2011-05-27,"1,520.55 ",179.50 ,"9,095.75",100.22,4.707,1.4637,"12,151.26","2,728.02",5609,2107,-0.106067034,3.1,,,,,
2011-06-03,"1,535.25 ",177.50 ,"8,933.00",99.29,4.757,1.4348,"11,951.91","2,705.14",5633,2188,-0.109120521,3.01,,,,,
2011-06-10,"1,540.33 ",179.50 ,"9,071.00",93.01,4.325,1.4311,"12,004.36","2,642.82",5643,2257,-0.112116444,3,,,,,
2011-06-17,"1,522.54 ",181.50 ,"9,068.50",91.16,4.229,1.4193,"11,934.58","2,746.21",5650,2354,-0.103238095,2.99,,,,,
2011-06-24,"1,537.70 ",177.50 ,"9,460.50",94.94,4.311,1.4525,"12,582.77","2,759.36",5593,2432,-0.093889717,2.96,,,,,
2011-07-01,"1,502.05 ",175.50 ,"9,682.00",96.2,4.205,1.427,"12,657.20","2,797.77",5520,2526,-0.085114089,3.11,,,,,
2011-07-08,"1,512.41 ",175.50 ,"9,695.75",97.24,4.546,1.4153,"12,479.73","2,820.17",5578,2611,-0.080957409,3.12,,,,,
2011-07-15,"1,566.10 ",182.50 ,"9,672.50",99.87,4.399,1.4356,"12,681.16","2,770.79",5591,2671,-0.076736951,2.94,,,,,
2011-07-22,"1,594.60 ",182.50 ,"9,840.00",95.7,4.145,1.4396,"12,143.24","2,701.73",5377,2714,-0.070229531,2.97,,,,,
2011-07-29,"1,616.15 ",184.00 ,"9,110.00",86.88,3.941,1.4282,"11,444.61","2,626.42",5523,2759,-0.063793688,2.97,,,,,
2011-08-05,"1,646.85 ",186.50 ,"8,870.75",85.38,4.06,1.4249,"11,269.02","2,593.17",5529,2783,-0.067359249,2.62,,,,,
2011-08-12,"1,754.90 ",184.50 ,"8,818.00",82.26,3.94,1.4398,"10,817.65","2,534.36",5561,2833,-0.059741122,2.27,,,,,
2011-08-19,"1,793.10 ",185.50 ,"9,067.50",85.37,3.931,1.4499,"11,284.54","2,612.19",5591,2906,-0.048461035,2.17,,,,,
2011-08-26,"1,823.55 ",187.50 ,"9,079.50",86.45,3.872,1.4205,"11,240.26","2,528.28",5598,2960,-0.046698873,2.19,,,,,
2011-09-02,"1,821.63 ",188.50 ,"8,831.25",87.24,3.915,1.3653,"10,992.13","2,497.75",5642,3025,-0.043629466,2.17,,,,,
2011-09-09,"1,867.60 ",188.00 ,"8,682.00",87.96,3.809,1.38,"11,509.09","2,482.34",5083,3110,-0.048056321,1.99,,,,,
2011-09-16,"1,812.40 ",186.50 ,"7,275.00",79.85,3.701,1.3498,"10,771.48","2,433.16",5747,3201,-0.041903622,2.03,,,,,
2011-09-23,"1,782.95 ",184.50 ,"7,006.25",79.2,3.666,1.3386,"10,913.38","2,359.22",5756,3311,-0.03045388,1.87,,,,,
2011-09-30,"1,638.00 ",178.50 ,"7,272.00",82.98,3.481,1.3377,"11,103.12",,5800,3408,-0.026007431,1.97,,,,,
2011-10-07,"1,646.50 ",178.50 ,"7,556.75",86.8,3.703,1.3877,"11,644.49","2,431.37",5878,3521,-0.019220056,1.93,,,,,
2011-10-14,"1,672.40 ",167.50 ,"7,142.50",87.4,3.629,1.3896,"11,808.79","2,317.28",5891,3624,-0.016019549,2.22,,,,,
2011-10-21,"1,650.00 ",154.50 ,"8,160.00",93.32,3.923,1.4148,"12,231.11","2,473.41",5876,3717,-0.009856153,2.2,,,,,
2011-10-28,"1,692.65 ",131.50 ,"7,866.00",94.26,3.783,1.3796,"11,983.24","2,528.29",5818,3793,-0.007327925,2.28,,,,,
2011-11-04,"1,727.90 ",132.50 ,"7,655.75",98.99,3.584,1.3752,"12,153.68","2,481.08",5846,3830,-0.002604167,2.07,,,,,
2011-11-11,"1,773.60 ",141.00 ,"7,545.00",97.41,3.316,1.351,"11,796.16","2,416.56",5894,3844,0.002608242,2.05,,,,,
2011-11-18,"1,760.90 ",154.00 ,"7,260.00",96.77,3.542,1.3234,"11,231.78","2,380.22",5887,3853,0.006530825,2.02,,,,,
2011-11-25,"1,692.50 ",147.00 ,"7,887.25",100.96,3.584,1.3403,"12,019.42","2,360.66",5864,3850,0.011826544,1.94,,,,,
2011-12-02,"1,727.20 ",144.00 ,"7,830.25",99.41,3.317,1.3375,"12,184.26","2,315.27",5861,3830,0.030400861,2.04,,,,,
2011-12-09,"1,729.20 ",146.00 ,"7,361.50",93.53,3.127,1.3035,"11,866.39","2,224.84",5862,3729,0.049535604,2.04,,,,,
2011-12-16,"1,631.90 ",141.50 ,"7,623.00",99.68,3.114,1.3043,"12,294.00","2,204.78",5862,3628,0.076877412,1.94,,,,,
2011-12-23,"1,610.40 ",142.00 ,"7,557.50",98.83,2.989,1.2948,"12,217.56","2,199.42",5846,3548,0.097772277,1.95,,,,,
2011-12-30,"1,565.33 ",,"7,570.00",101.56,3.062,1.2721,"12,359.92","2,163.39",5851,3471,0.120762028,1.94,,,,,
2012-01-06,"1,607.13 ",145.00 ,"8,000.00",98.7,2.67,1.2677,"12,422.06","2,244.58",5844,3377,0.140878378,1.99,,,,,
2012-01-13,"1,636.10 ",146.00 ,"8,236.25",98.46,2.343,1.2938,"12,720.48","2,319.12",5726,3290,0.211340206,1.95,,,,,
2012-01-20,"1,654.50 ",145.50 ,"8,562.75",99.56,2.678,1.3226,"12,660.46",,5722,3098,0.218246166,1.96,,,,,
2012-01-27,"1,687.60 ",145.50 ,"8,592.00",97.84,2.499,1.3144,"12,862.23","2,330.40",5720,2966,0.259447983,2.01,,,,,
2012-02-03,"1,741.90 ",147.50 ,"8,471.00",98.67,2.477,1.3175,"12,801.23","2,351.98",5763,2888,0.347014925,1.88,,,,,
2012-02-10,"1,725.70 ",149.00 ,"8,186.00",103.24,2.684,1.3152,"12,949.87","2,357.18",5819,2761,0.445549738,1.99,,,,,
2012-02-17,"1,724.30 ",144.00 ,"8,497.75",109.77,2.55,1.3457,"12,982.95","2,439.63",5817,2595,0.417258329,1.97,,,,,
2012-02-24,"1,755.25 ",146.00 ,"8,576.00",106.7,2.484,1.3203,"12,977.57","2,460.69",5814,2513,0.440114613,2.01,,,,,
2012-03-02,"1,752.65 ",148.00 ,"8,490.25",107.4,2.324,1.3114,"12,922.02","2,439.46",5806,2433,0.455143541,1.97,,,,,
2012-03-09,"1,693.40 ",148.00 ,"8,521.50",107.06,2.326,1.3175,"13,232.62","2,404.74",5830,2369,0.465965347,2,,,,,
2012-03-16,"1,671.55 ",149.00 ,"8,376.00",106.87,2.275,1.3273,"13,080.73","2,349.54",5826,2380,0.477343265,2.21,,,,,
2012-03-23,"1,649.10 ",149.00 ,"8,430.25",103.02,2.126,1.3344,"13,212.04","2,262.79",5821,2429,0.497533909,2.32,,,,,
2012-03-30,"1,669.10 ",150.00 ,"8,365.00",103.31,2.089,1.3096,"13,060.14","2,306.55",6049,2472,0.566539924,2.22,,,,,
2012-04-06,"1,648.25 ",150.00 ,"8,005.00",102.83,1.981,1.3077,"12,849.59","2,359.16",6040,2478,0.542963885,2.21,,,,,
2012-04-13,"1,655.94 ",150.50 ,"8,181.75",103.05,1.927,1.3224,"13,029.26","2,406.86",6043,2503,0.513301088,2.04,,,,,
2012-04-20,"1,645.75 ",149.50 ,"8,426.00",104.93,2.186,1.3255,"13,228.31","2,396.32",6113,2546,0.510979228,2,,,,,
2012-04-27,"1,642.85 ",148.00 ,"8,193.50",98.49,2.279,1.3083,"13,038.27","2,452.01",6121,2576,0.466135458,1.98,,,,,
2012-05-04,"1,649.65 ",147.50 ,"8,000.00",96.13,2.509,1.2917,"12,820.60","2,394.98",6136,2606,0.426382047,1.95,,,,,
2012-05-11,"1,595.81 ",143.50 ,"7,658.50",91.48,2.742,1.2783,"12,369.38","2,344.52",6149,2667,0.389786347,1.88,,,,,
2012-05-18,"1,558.90 ",139.50 ,"7,625.50",90.86,2.568,1.2517,"12,454.83","2,333.55",6239,2744,0.356401384,1.74,,,,,
2012-05-25,"1,568.00 ",137.50 ,"7,339.50",83.23,2.326,1.2435,"12,118.57","2,373.44",6227,2815,0.336022781,1.76,,,,,
2012-06-01,"1,564.30 ",138.50 ,"7,295.00",84.1,2.299,1.2517,"12,554.20","2,281.45",6245,2877,0.314899452,1.61,,,,,
2012-06-08,"1,610.00 ",136.50 ,"7,555.75",84.03,2.467,1.2638,"12,767.17","2,306.85",6236,2944,0.304386354,1.61,,,,,
2012-06-15,"1,607.25 ",137.50 ,"7,336.50",79.76,2.625,1.257,"12,640.78","2,260.88",6353,3006,0.276975361,1.62,,,,,
2012-06-22,"1,608.25 ",139.50 ,"7,733.25",84.96,2.824,1.266,"12,880.09","2,225.43",6257,3063,0.259457237,1.64,,,,,
2012-06-29,"1,571.40 ",137.50 ,"7,523.25",84.45,2.776,1.2288,"12,772.47","2,223.58",6094,3102,0.228028504,1.64,,,,,
2012-07-06,"1,606.05 ",138.50 ,"7,715.00",87.1,2.874,1.2252,"12,777.09","2,185.89",6249,3135,0.200689391,1.61,,,,,
2012-07-13,"1,579.30 ",137.00 ,"7,571.00",91.44,3.081,1.2157,"12,822.57","2,168.64",6245,3163,0.184200674,1.52,,,,,
2012-07-20,"1,584.30 ",130.50 ,"7,566.25",90.13,3.01,1.2319,"13,075.66","2,128.76",6364,3190,0.175386883,1.52,,,,,
2012-07-27,"1,590.75 ",124.00 ,"7,427.00",91.4,2.877,1.2387,"13,096.17","2,132.80",6320,3217,0.166002175,1.47,,,,,
2012-08-03,"1,610.70 ",123.50 ,"7,486.00",92.87,2.77,1.229,"13,207.95","2,168.81",6218,3240,0.164211283,1.54,,,,,
2012-08-10,"1,609.60 ",122.50 ,"7,537.25",96.01,2.719,1.2334,"13,275.20","2,114.89",6181,3261,0.151076597,1.65,,,,,
2012-08-17,"1,610.30 ",117.50 ,"7,657.00",96.15,2.702,1.2513,"13,157.97","2,092.10",6246,3308,0.13833448,1.76,,,,,
2012-08-24,"1,641.75 ",108.00 ,"7,588.25",96.47,2.799,1.2577,"13,090.84","2,047.52",6258,3374,0.139864865,1.74,,,,,
2012-08-31,"1,660.63 ",98.00 ,"7,982.00",96.42,2.682,1.2816,"13,306.64","2,127.76",5486,3402,0.124628099,1.63,,,,,
2012-09-07,"1,694.30 ",96.00 ,"8,386.00",99,2.943,1.3127,"13,593.37","2,123.85",5526,3429,0.102572347,1.64,,,,,
2012-09-14,"1,741.90 ",106.00 ,"8,293.25",92.89,2.885,1.298,"13,579.47","2,026.69",6277,3496,0.0921587,1.76,,,,,
2012-09-21,"1,766.45 ",108.00 ,"8,217.75",92.19,3.32,1.2858,"13,437.13","2,086.17",6509,3576,0.080036243,1.81,,,,,
2012-09-28,"1,765.05 ",107.50 ,"8,255.25",89.88,3.396,1.3034,"13,610.15",,6520,3654,0.072183099,1.68,,,,,
2012-10-05,"1,780.55 ",107.50 ,"8,118.00",91.86,3.611,1.295,"13,328.85","2,104.93",6598,3726,0.058222096,1.67,,,,,
2012-10-12,"1,767.40 ",119.00 ,"7,985.75",90.05,3.617,1.3022,"13,343.51","2,128.30",6606,3776,0.041942605,1.71,,,,,
2012-10-19,"1,742.65 ",118.50 ,"7,823.00",86.28,3.4,1.2942,"13,107.21","2,066.21",6610,3843,0.033898305,1.79,,,,,
2012-10-26,"1,713.90 ",120.40 ,"7,671.75",84.86,3.554,1.2837,"13,093.16","2,117.05",6669,3907,0.030055365,1.81,,,,,
2012-11-02,"1,715.00 ",120.90 ,"7,577.00",86.07,3.503,1.2709,"12,815.39","2,069.07",6677,3928,0.025587467,1.74,,,,,
2012-11-09,"1,709.80 ",121.70 ,"7,613.75",86.67,3.79,1.2744,"12,588.31","2,014.72",6709,3910,0.017169615,1.68,,,,,
2012-11-16,"1,723.70 ",122.80 ,"7,773.25",88.28,3.901,1.2976,"13,009.68","2,027.38",6710,3873,0.00519076,1.59,,,,,
2012-11-23,"1,729.70 ",121.70 ,"7,990.00",88.91,3.561,1.2986,"13,025.58","1,980.12",6818,3876,0.006753247,1.67,,,,,
2012-11-30,"1,737.65 ",120.30 ,"8,036.00",85.93,3.551,1.2927,"13,155.13","2,061.79",6817,3804,-0.006788512,1.63,,,,,
2012-12-07,"1,703.55 ",120.80 ,"8,073.00",86.73,3.314,1.3163,"13,135.01","2,150.63",6852,3806,0.020648968,1.62,,,,,
2012-12-14,"1,704.40 ",126.10 ,"7,845.00",88.66,3.451,1.3188,"13,190.84","2,153.31",6863,3724,0.02646086,1.69,,,,,
2012-12-21,"1,675.85 ",135.40 ,"7,890.25",90.8,3.469,1.3216,"12,938.11","2,233.25",6984,3653,0.029594138,1.8,,,,,
2012-12-28,"1,658.83 ",139.30 ,"8,102.00",93.09,3.287,1.3069,"13,435.21","2,276.99",6985,3517,0.013252665,1.76,,,,,
2013-01-04,"1,665.56 ",148.00 ,"8,035.75",93.56,3.327,1.3344,"13,488.43","2,243.00",7002,3316,-0.01806337,1.87,,,,,
2013-01-11,"1,660.70 ",157.50 ,"8,088.00",95.56,3.566,1.3319,"13,649.70","2,317.07",7041,3167,-0.037386018,1.9,,,,,
2013-01-18,"1,680.35 ",149.20 ,"8,039.50",95.88,3.444,1.3462,"13,895.98","2,291.30",6989,2996,-0.032924467,1.87,,,,,
2013-01-25,"1,684.00 ",148.80 ,"8,310.00",97.77,3.301,1.364,"14,009.79","2,419.02",6993,2802,-0.055293324,1.9,,,,,
2013-02-01,"1,664.60 ",151.50 ,"8,274.25",95.72,3.272,1.3365,"13,992.97","2,432.40",6997,2684,-0.070637119,2.02,,,,,
2013-02-08,"1,671.55 ",156.00 ,"8,237.25",95.86,3.153,1.3363,"13,981.76",,7064,2526,-0.085114089,2,,,,,
2013-02-15,"1,645.30 ",156.00 ,"7,817.00",93.13,3.291,1.319,"14,000.57","2,314.16",7118,2400,-0.075144509,2.01,,,,,
2013-02-22,"1,595.05 ",158.20 ,"7,719.00",90.68,3.456,1.3022,"14,089.66","2,359.51",7096,2229,-0.113012336,2,,,,,
2013-03-01,"1,591.85 ",153.20 ,"7,747.50",91.95,3.629,1.3006,"14,397.07","2,318.61",7093,2082,-0.144266338,1.88,,,,,
2013-03-08,"1,578.75 ",148.90 ,"7,756.75",93.45,3.872,1.3076,"14,514.11","2,278.40",7159,1938,-0.181933305,1.96,,,,,
2013-03-15,"1,585.95 ",140.60 ,"7,668.00",93.71,3.927,1.2988,"14,512.03","2,328.28",7150,1876,-0.211764706,2.04,,,,,
2013-03-22,"1,606.75 ",135.80 ,"7,532.00",97.23,4.024,1.282,"14,578.54","2,236.62",7151,1781,-0.266776451,1.94,,,,,
2013-03-29,"1,598.25 ",136.75 ,"7,420.00",92.7,4.125,1.299,"14,565.25","2,225.30",7151,1687,-0.317556634,1.9,,,,,
2013-04-05,"1,566.06 ",137.50 ,"7,427.00",91.29,4.222,1.3112,"14,865.06","2,206.78",7181,1674,-0.324455206,1.81,,,,,
2013-04-12,"1,567.00 ",141.50 ,"6,965.00",88.01,4.408,1.3052,"14,547.51","2,244.64",7208,1705,-0.318817419,1.79,,,,,
2013-04-19,"1,396.80 ",139.50 ,"7,037.75",93,4.152,1.3028,"14,712.55","2,177.91",7326,1734,-0.318931658,1.73,,,,,
2013-04-26,"1,435.10 ",136.50 ,"7,287.00",95.61,4.041,1.3115,"14,973.96","2,205.50",7312,1776,-0.310559006,1.73,,,,,
2013-05-03,"1,469.45 ",138.45 ,"7,393.50",96.04,3.91,1.2993,"15,118.49","2,246.83",7369,1866,-0.283960092,1.7,,,,,
2013-05-10,"1,458.94 ",132.63 ,"7,308.25",96.02,4.055,1.2839,"15,354.40","2,282.87",7321,1964,-0.263592051,1.83,,,,,
2013-05-17,"1,405.90 ",127.60 ,"7,281.25",94.15,4.237,1.2932,"15,303.10","2,288.53",7258,2052,-0.252186589,1.93,,,,,
2013-05-24,"1,377.80 ",125.20 ,"7,273.00",91.97,3.984,1.2999,"15,115.57","2,300.59",7292,2142,-0.239076377,1.99,,,,,
2013-05-31,"1,395.00 ",116.25 ,"7,234.50",96.03,3.828,1.3223,"15,248.12","2,210.90",7300,2252,-0.217240181,2.14,,,,,
2013-06-07,"1,401.60 ",115.90 ,"7,085.50",97.85,3.733,1.3347,"15,070.18","2,162.04",7224,2347,-0.202785326,2.12,,,,,
2013-06-14,"1,377.90 ",113.80 ,"6,841.50",93.69,3.771,1.3123,"14,799.40","2,073.10",7129,2439,-0.188622754,2.2,,,,,
2013-06-21,"1,344.80 ",119.00 ,"6,767.00",96.56,3.565,1.301,"14,909.60","1,979.21",7261,2533,-0.173032974,2.33,,,,,
2013-06-28,"1,246.50 ",116.70 ,"6,768.50",103.22,3.617,1.2832,"15,135.84","2,007.20",7267,2606,-0.159896841,2.55,,,,,
2013-07-05,"1,246.50 ",121.80 ,"6,947.75",105.95,3.644,1.3068,"15,464.30","2,039.49",7401,2687,-0.142902711,2.56,,,,,
2013-07-12,"1,257.10 ",125.30 ,"6,920.00",108.05,3.789,1.3142,"15,543.74","1,992.65",7490,2745,-0.132153019,2.64,,,,,
2013-07-19,"1,283.45 ",133.13 ,"6,850.25",104.7,3.555,1.3279,"15,558.83","2,010.85",7555,2786,-0.126645768,2.54,,,,,
2013-07-26,"1,324.05 ",131.20 ,"7,005.00",106.94,3.347,1.3283,"15,658.36","2,029.42",7542,2845,-0.115635685,2.57,,,,,
2013-08-02,"1,318.80 ",131.70 ,"7,270.50",105.97,3.23,1.3343,"15,425.51","2,052.23",7560,2940,-0.092592593,2.64,,,,,
2013-08-09,"1,294.35 ",133.80 ,"7,371.25",107.46,3.368,1.3329,"15,081.47","2,068.45",7571,3007,-0.077890218,2.62,,,,,
2013-08-16,"1,336.65 ",140.60 ,"7,349.00",106.42,3.485,1.3382,"15,010.51","2,057.46",7518,3063,-0.074062878,2.73,,,,,
2013-08-23,"1,369.20 ",138.90 ,"7,111.00",107.65,3.581,1.3222,"14,810.31","2,098.38",7609,3131,-0.07202134,2.86,,,,,
2013-08-30,"1,408.88 ",139.00 ,"7,160.00",110.53,3.53,1.318,"14,922.50","2,139.99",7621,3189,-0.062610229,2.76,,,,,
2013-09-06,"1,389.25 ",137.70 ,"7,064.00",108.21,3.677,1.3294,"15,376.06","2,236.22",7745,3253,-0.051326917,2.92,,,,,
2013-09-13,"1,354.55 ",135.40 ,"7,281.00",104.68,3.687,1.3524,"15,451.09","2,191.85",7827,3299,-0.056350114,2.92,,,,,
2013-09-20,"1,330.10 ",132.10 ,"7,290.00",102.87,3.589,1.3522,"15,258.24","2,160.03",7777,3385,-0.053411633,2.79,,,,,
2013-09-27,"1,322.50 ",133.30 ,"7,251.00",103.84,3.506,1.3558,"15,072.58","2,174.66",7784,3487,-0.045703339,2.66,,,,,
2013-10-04,"1,317.35 ",131.50 ,"7,196.00",102.02,3.776,1.3542,"15,237.11","2,228.15",7809,3577,-0.039989265,2.64,,,,,
2013-10-11,"1,305.05 ",132.40 ,"7,223.25",100.81,3.764,1.3685,"15,399.65","2,193.78",7428,3655,-0.032044492,2.68,,,,,
2013-10-18,"1,287.05 ",135.00 ,"7,180.50",97.85,3.707,1.3805,"15,570.28","2,132.96",7896,3741,-0.026541764,2.66,,,,,
2013-10-25,"1,327.75 ",133.90 ,"7,236.00",94.61,3.513,1.3487,"15,615.55","2,149.56",7853,3779,-0.03276171,2.55,,,,,
2013-11-01,"1,339.15 ",132.80 ,"7,158.25",94.6,3.559,1.3371,"15,761.78","2,106.13",7858,3816,-0.028513238,2.57,,,,,
2013-11-08,"1,313.50 ",137.50 ,"7,009.25",93.84,3.66,1.3495,"15,961.70","2,135.83",7981,3834,-0.01943734,2.68,,,,,
2013-11-15,"1,281.15 ",137.60 ,"7,089.50",94.84,3.768,1.3558,"16,064.77","2,196.38",7974,3789,-0.021688613,2.74,,,,,
2013-11-22,"1,263.50 ",136.50 ,"7,030.00",92.72,3.954,1.359,"16,086.41","2,220.50",8019,3775,-0.026057792,2.74,,,,,
2013-11-29,"1,244.05 ",136.00 ,"7,111.00",97.65,4.114,1.3706,"16,020.20","2,237.11",8011,3613,-0.050210305,2.74,,,,,
2013-12-06,"1,226.85 ",138.70 ,"7,245.25",96.6,4.351,1.3743,"15,755.36","2,196.07",8075,3533,-0.071728849,2.84,,,,,
2013-12-13,"1,239.15 ",138.90 ,"7,230.75",99.32,4.418,1.3672,"16,221.14","2,084.79",8058,3248,-0.127819549,2.86,,,,,
2013-12-20,"1,220.05 ",134.70 ,"7,380.00",100.32,4.407,1.3742,"16,478.41","2,101.25",8111,3071,-0.159321106,2.89,,,,,
2013-12-27,"1,199.50 ",133.83 ,"7,313.00",93.96,4.304,1.3588,"16,469.99","2,083.14",8121,2975,-0.154108615,2.99,,,,,
2014-01-03,"1,213.74 ",135.00 ,"7,312.00",92.72,4.053,1.367,"16,437.05","2,013.30",8145,2817,-0.150482509,3.01,,,,,
2014-01-10,"1,232.05 ",134.20 ,"7,324.00",94.37,4.326,1.3541,"16,458.56","2,004.95",8159,2529,-0.201452479,2.96,,,,,
2014-01-17,"1,242.20 ",131.10 ,"7,183.75",96.64,5.182,1.3678,"15,879.11","2,054.39",8052,2424,-0.190921228,2.86,,,,,
2014-01-24,"1,249.10 ",125.70 ,"7,042.75",97.49,4.943,1.3487,"15,698.85","2,033.08",8044,2184,-0.220556745,2.82,,,,,
2014-01-31,"1,255.75 ",125.50 ,"7,131.25",99.88,4.775,1.3635,"15,794.08","2,044.50",8044,1924,-0.283159463,2.73,,,,,
2014-02-07,"1,255.00 ",124.20 ,"7,150.75",100.3,5.214,1.3693,"16,154.39","2,115.85",8132,1693,-0.329770388,2.68,,,,,
2014-02-14,"1,288.30 ",122.90 ,"7,149.50",102.2,6.135,1.374,"16,103.30","2,113.69",8148,1444,-0.398333333,2.75,,,,,
2014-02-21,"1,318.65 ",125.10 ,"7,009.75",102.59,4.609,1.3803,"16,321.71","2,056.30",8059,1348,-0.395244504,2.73,,,,,
2014-02-28,"1,332.90 ",119.20 ,"6,777.00",102.58,4.618,1.3878,"16,452.72","2,057.91",8077,1196,-0.425552354,2.69,,,,,
2014-03-07,"1,339.95 ",116.60 ,"6,460.00",98.89,4.425,1.3914,"16,065.67","2,004.34",8182,1002,-0.482972136,2.71,,,,,
2014-03-14,"1,355.80 ",109.20 ,"6,477.00",99.46,4.313,1.3794,"16,302.77","2,047.62",8215,953,-0.492004264,2.72,,,,,
2014.3.21,"1,331.50 ",110.75 ,"6,658.00",101.67,4.485,1.3753,"16,323.06","2,041.71",8190,895,-0.49747333,2.74,,,,,
2014.3.28,"1,303.80 ",112.60 ,"6,612.50",101.14,4.439,1.3703,"16,412.71","2,058.83",8192,824,-0.51155898,2.72,,,,,
2014.4.4,"1,289.75",116.70 ,"6,652.50",103.74,4.62,1.3885,"16,026.75","2,130.54",8229,827,-0.505973716,2.77,,,,,
2014.4.11,"1,309.75",117.37 ,"6,672.50",104.3,4.741,1.3815,"16,408.54","2,097.75",8301,850,-0.501466276,2.68,,,,,
2014.4.18,"1,306.06",,"6,771.00",100.6,4.647,1.3833,"16,361.46","2,036.52",8360,899,-0.481545559,2.67,,,,,
2014.4.25,"1,291.19",112.69 ,"6,724.25",99.76,4.674,1.387,"16,512.89","2,026.36",8352,981,-0.447635135,2.71,,,,,
2014.5.2,"1,289.00",107.43 ,"6,754.25",99.99,4.531,1.376,"16,583.34","2,011.13",8350,1055,-0.434619507,2.66,,,,,
2014.5.9,"1,295.13",105.43 ,"6,870.50",102.02,4.413,1.3695,"16,491.31","2,026.50",8428,1160,-0.409368635,2.62,,,,,
2014.5.16,"1,298.20",102.65 ,"6,912.00",104.35,4.405,1.3634,"16,606.27","2,034.57",8434,1267,-0.382553606,2.57,,,,,
2014.5.23,"1,294.95",98.62 ,"6,844.00",102.71,4.542,1.3631,"16,717.17","2,039.21",8472,1380,-0.355742297,2.54,,,,,
2014.5.30,"1,261.13",96.35 ,"6,710.00",102.66,4.71,1.3643,"16,924.28","2,029.96",8383,1499,-0.334369449,2.47,,,,,
2014.6.6,"1,247.05",93.63 ,"6,642.00",106.91,4.739,1.3542,"16,775.74","2,070.71",8460,1607,-0.315296123,2.59,,,,,
2014.6.13,"1,262.75",92.79 ,"6,818.00",107.26,4.531,1.3599,"16,947.08","2,026.67",8477,1719,-0.295202952,2.62,,,,,
2014.6.20,"1,283.80",90.82 ,"6,933.75",105.74,4.409,1.3649,"16,851.84","2,036.51",8446,1829,-0.277931307,2.63,,,,,
2014.6.27,"1,315.60",94.49 ,"7,154.00",104.06,4.406,1.3596,"17,068.26","2,059.37",8442,1928,-0.260168841,2.57,,,,,
2014.7.4,"1,321.15",95.11 ,"7,159.50",100.83,4.146,1.3609,"16,943.81","2,046.96",8514,2023,-0.247115742,2.6,,,,,
2014.7.11,"1,326.80",96.34 ,"6,992.00",103.13,3.951,1.3525,"17,100.18","2,059.07",8592,2128,-0.224772313,2.57,,,,,
2014.7.18,"1,305.35",97.79 ,"7,126.00",102.09,3.781,1.3432,"16,960.57","2,126.61",8565,2219,-0.203517588,2.53,,,,,
2014.7.25,"1,303.45",94.75 ,"7,072.00",97.88,3.798,1.343,"16,493.37","2,185.30",8443,2307,-0.189103691,2.49,,,,,
2014.8.1,"1,294.95",95.95 ,"6,995.25",97.65,3.962,1.3411,"16,553.93","2,194.42",8453,2388,-0.187755102,2.53,,,,,
2014.8.8,"1,299.35",95.49 ,"6,871.25",97.35,3.776,1.3399,"16,662.91","2,226.73",8556,2467,-0.179580978,2.47,,,,,
2014.8.15,"1,308.90",94.20 ,"7,089.00",93.65,3.84,1.3243,"17,001.22","2,240.81",8577,2555,-0.165850473,2.41,,,,,
2014.8.22,"1,288.19",92.17 ,"6,957.25",95.96,4.065,1.3133,"17,098.45","2,217.20",8631,2631,-0.159693389,2.41,,,,,
2014.8.29,"1,286.63",88.16 ,"6,975.00",93.29,3.793,1.295,"17,137.36","2,326.43",8630,2709,-0.150517404,2.37,,,,,
2014.9.5,"1,270.10",83.23 ,"6,861.00",92.27,3.857,1.2965,"16,987.51","2,331.95",8590,2801,-0.138948663,2.44,,,,,
2014.9.12,"1,247.70",82.94 ,"6,827.75",92.41,3.837,1.2829,"17,279.74","2,329.45",8838,2890,-0.123976963,2.54,,,,,
2014.9.19,"1,228.55",83.84 ,"6,709.50",93.54,3.984,1.2685,"17,113.15","2,347.72",8867,2988,-0.117282127,2.61,,,,,
2014.9.26,"1,216.05",79.40 ,"6,641.50",89.74,4.039,1.2517,"17,009.69","2,363.87",8837,3099,-0.111270433,2.55,,,,,
2014.10.3,"1,211.85",78.82 ,"6,701.75",85.82,3.859,1.2628,"16,544.10","2,374.54",8875,3205,-0.103997763,2.47,,,,,
2014.10.10,"1,213.80",79.93 ,"6,629.50",82.75,3.766,1.2763,"16,380.41","2,341.18",8951,3298,-0.097674419,2.36,,,,,
2014.10.17,"1,234.65",82.34 ,"6,681.00",81.01,3.623,1.267,"16,805.41","2,302.28",8934,3393,-0.093023256,2.19,,,,,
2014.10.24,"1,240.80",81.05 ,"6,708.25",80.54,3.873,1.2525,"17,390.52","2,420.18",8970,3480,-0.079121461,2.25,,,,,
2014.10.31,"1,209.55",79.45 ,"6,697.25",78.65,4.412,1.2454,"17,573.93","2,418.17",8972,3571,-0.064203354,2.32,,,,,
2014.11.7,"1,155.15",76.86 ,"6,703.75",75.82,4.02,1.2524,"17,634.74","2,478.82",9063,3611,-0.058163798,2.36,,,,,
2014.11.14,"1,162.75",75.86 ,"6,699.25",76.51,4.266,1.239,"17,810.06","2,486.79",9004,3594,-0.051464766,2.36,,,,,
2014.11.21,"1,193.00",71.67 ,"6,348.00",66.15,4.088,1.2452,"17,828.24","2,682.83",9077,3432,-0.090860927,2.33,,,,,
2014.11.28,"1,194.30",69.96 ,"6,438.50",65.84,3.802,1.2286,"17,958.79","2,937.65",9083,3410,-0.056185995,2.25,,,,,
2014.12.5,"1,199.35",70.81 ,"6,490.00",57.81,3.795,1.2462,"17,280.83","2,938.17",9118,3359,-0.049249929,2.27,,,,,
2014.12.12,"1,216.45",69.27 ,"6,387.00",56.52,3.464,1.2228,"17,804.80","3,108.60",9137,3296,0.014778325,2.19,,,,,
2014.12.19,"1,200.40",68.66 ,"6,312.00",54.73,3.007,1.2176,"18,053.71","3,157.60",9127,3246,0.056984696,2.14,,,,,
2014.12.26,"1,182.67",67.23 ,"6,250.25",52.69,3.003,1.2003,"17,832.99","3,234.68",9121,3220,0.082352941,2.24,,,,,
2015.1.2,"1,190.69",70.60 ,"6,101.50",48.36,2.946,1.1842,"17,737.37","3,285.41",9132,3089,0.096556621,2.18,,,,,
2015.1.9,"1,210.80",71.17 ,"5,775.50",48.69,3.127,1.1569,"17,511.57","3,376.49",9192,2854,0.128509292,2,,,,,
2015.1.16,"1,245.90",68.92 ,"5,516.00",45.59,2.986,1.1208,"17,672.60","3,351.76",9186,2637,0.087871287,1.86,,,,,
2015.1.23,"1,289.30",67.45 ,"5,489.50",48.24,2.691,1.1288,"17,164.95","3,210.36",9213,2543,0.164377289,1.85,,,,,
2015.1.30,"1,277.35",63.12 ,"5,674.00",51.69,2.579,1.1316,"17,824.29","3,075.91",9177,2428,0.261954262,1.77,,,,,
2015.2.6,"1,261.10",62.47 ,"5,712.00",52.78,2.804,1.1385,"18,019.35","3,203.83",9226,2268,0.339633786,1.81,,,,,
2015.2.13,"1,230.35",62.24 ,"5,699.50",50.34,2.951,1.1381,"18,140.44","3,246.91",9280,2158,0.494459834,2,,,,,
2015.2.20,"1,212.50",63.91 ,"5,895.50",49.76,2.734,1.1196,"18,132.70","3,310.30",9285,1938,0.43768546,2.11,,,,,
2015.2.27,"1,204.80",63.06 ,"5,730.50",49.61,2.839,1.0844,"17,856.78","3,241.19",9324,1709,0.428929766,2.01,,,,,
2015.3.6,"1,200.50",61.25 ,"5,857.50",44.84,2.727,1.0495,"17,749.31","3,372.91",9366,1511,0.507984032,2.13,,,,,
2015.3.13,"1,156.95",57.99 ,"6,040.50",45.72,2.786,1.0822,"18,127.65","3,617.32",9419,1468,0.540398741,2.14,,,,,
2015.3.20,"1,159.57",56.20 ,"6,061.50",48.87,2.59,1.0889,"17,712.66","3,691.10",9422,1479,0.652513966,2,,,,,
2015.3.27,"1,194.45",55.00 ,"5,985.00",49.14,2.713,1.0978,"17,763.24","3,863.93",9386,1461,0.773058252,1.94,,,,,
2015.4.3,"1,192.00",50.16 ,"6,016.50",51.64,2.511,1.0604,"18,057.65","4,034.31",9404,1476,0.784764208,1.91,,,,,
2015.4.10,"1,205.10",47.81 ,"6,086.50",55.74,2.634,1.0807,"17,826.30","4,287.30",9384,1539,0.810588235,1.93,,,,,
2015.4.17,"1,198.85",50.13 ,"6,025.00",57.15,2.531,1.0874,"18,080.14","4,393.69",9366,1628,0.810901001,1.9,,,,,
2015.4.24,"1,189.96",53.86 ,"6,423.00",59.15,2.776,1.1201,"18,024.06","4,441.66",9373,1711,0.744138634,1.94,,,,,
2015.5.1,"1,194.84",58.07 ,"6,391.50",59.39,2.88,1.1204,"18,191.11","4,205.92",9369,1785,0.691943128,2.03,,,,,
2015.5.8,"1,191.06",59.78 ,"6,407.00",59.69,3.016,1.1453,"18,272.56","4,308.69",9374,1897,0.635344828,2.19,,,,,
2015.5.15,"1,207.35",62.42 ,"6,175.50",59.72,2.887,1.1018,"18,232.02","4,657.60",9262,1989,0.569850039,2.24,,,,,
2015.5.22,"1,211.48",58.83 ,"6,017.00",60.3,2.642,1.0988,"18,010.68","4,611.74",9566,2101,0.522463768,2.23,,,,,
2015.5.29,"1,186.91",62.25 ,"5,939.00",59.13,2.59,1.1113,"17,849.46","5,023.10",9586,2233,0.489659773,2.13,,,,,
2015.6.5,"1,184.66",63.89 ,"5,913.50",59.96,2.75,1.1269,"17,898.84","5,166.35",9610,2344,0.458618544,2.31,,,,,
2015.6.12,"1,180.00",64.95 ,"5,666.50",59.61,2.816,1.1353,"18,015.95","4,478.36",9589,2433,0.415357766,2.42,,,,,
2015.6.19,"1,188.48",62.36 ,"5,789.00",59.63,2.773,1.1166,"17,946.68","4,192.87",9604,2506,0.370147622,2.32,,,,,
2015.6.26,"1,176.08",61.62 ,"5,751.00",56.93,2.822,1.1114,"17,730.11","3,686.92",9595,2579,0.337655602,2.41,,,,,
2015.7.3,"1,169.64",58.15 ,"5,582.50",52.74,2.77,1.1164,"17,760.41","3,877.80",9604,2666,0.317844785,2.38,,,,,
2015.7.10,"1,160.86",49.11 ,"5,481.50",50.89,2.87,1.083,"18,086.45","3,957.35",9562,2764,0.29887218,2.31,,,,,
2015.7.17,"1,147.20",50.39 ,"5,266.50",48.14,2.776,1.0984,"17,568.53","4,070.91",9558,2823,0.272194682,2.38,,,,,
2015.7.24,"1,095.40",51.88 ,"5,224.00",47.12,2.716,1.0988,"17,689.86","3,663.73",9413,2872,0.244906805,2.32,,,,,
2015.7.31,"1,094.47",54.15 ,"5,156.50",43.87,2.798,1.0969,"17,373.38","3,744.20",9465,2910,0.218592965,2.25,,,,,
2015.8.7,"1,090.18",56.03 ,"5,168.50",42.5,2.801,1.1106,"17,477.40","3,965.33",9395,2975,0.205918119,2.22,,,,,
2015.8.14,"1,111.85",56.57 ,"5,058.50",40.45,2.676,1.1389,"16,459.75","3,507.74",9348,3027,0.184735812,2.18,,,,,
2015.8.21,"1,132.12",56.39 ,"5,144.00",45.22,2.715,1.1179,"16,643.01","3,232.35",9337,3094,0.175978715,2.12,,,,,
2015.8.28,"1,135.75",54.07 ,"5,105.00",46.05,2.655,1.1147,"16,102.38","3,160.17",9218,3190,0.177556294,2.14,,,,,
2015.9.4,"1,132.26",56.50 ,"5,380.50",44.63,2.693,1.134,"16,433.09","3,200.23",9135,3262,0.164584077,2.18,,,,,
2015.9.11,"1,112.25",57.87 ,"5,233.00",44.68,2.605,1.1305,"16,384.58","3,097.92",9117,3336,0.15432526,2.21,,,,,
2015.9.18,"1,117.47",57.53 ,"5,035.00",45.7,2.564,1.1195,"16,314.67","3,092.35",9136,3441,0.151606426,2.22,,,,,
2015.9.25,"1,137.73",56.45 ,"5,146.00",45.54,2.451,1.1211,"16,472.37","3,052.78",9096,3537,0.141335915,2.16,,,,,
2015.10.2,"1,127.38",55.68 ,"5,299.00",49.63,2.502,1.1358,"17,084.49","3,183.15",9172,3634,0.133853354,2.05,,,,,
2015.10.9,"1,144.68",54.28 ,"5,269.00",47.26,2.43,1.1346,"17,215.97","3,391.35",9096,3731,0.131291692,2.09,,,,,
2015.10.16,"1,173.82",54.84 ,"5,179.00",44.6,2.286,1.1018,"17,646.70","3,412.43",9096,3813,0.123784262,2.03,,,,,
2015.10.23,"1,169.70",52.56 ,"5,113.00",46.59,2.321,1.1005,"17,663.54","3,382.56",9112,3875,0.113505747,2.06,,,,,
2015.10.30,"1,160.53",50.39 ,"4,978.50",44.29,2.371,1.0741,"17,910.33","3,590.03",9160,3931,0.100812097,2.11,,,,,
2015.11.6,"1,113.40",48.94 ,"4,806.50",40.74,2.361,1.0779,"17,245.24","3,580.84",9185,3985,0.103572418,2.26,,,,,
2015.11.13,"1,086.30",48.19 ,"4,554.00",40.39,2.145,1.0646,"17,823.81","3,630.50",9182,4000,0.112966055,2.32,,,,,
2015.11.20,"1,079.21",46.00 ,"4,575.50",41.71,2.212,1.0593,"17,798.49","3,436.30",9165,4009,0.168123543,2.26,,,,,
2015.11.27,"1,068.66",44.24 ,"4,611.00",39.97,2.186,1.0886,"17,847.63","3,524.99",9202,3956,0.160117302,2.24,,,,,
2015.12.4,"1,065.53",41.42 ,"4,677.00",35.62,1.99,1.099,"17,265.21","3,434.58",9164,3880,0.155105686,2.23,,,,,
2015.12.11,"1,074.48",38.72 ,"4,673.00",34.73,1.767,1.0868,"17,128.55","3,578.96",9176,3846,0.166868932,2.21,,,,,
2015.12.18,"1,063.38",39.43 ,"4,692.50",38.1,2.029,1.0977,"17,552.17","3,627.91",9179,3814,0.174984596,2.25,,,,,
2015.12.25,"1,072.54",40.77 ,"4,688.00",37.04,2.337,1.086,"17,425.03","3,539.18",9202,3756,0.166459627,2.24,,,,,
2016.1.1,"1,063.37",42.65 ,"4,473.00",33.16,2.472,1.0932,"16,346.45","3,186.41",9219,3643,0.179346067,2.29,,,,,
2016.1.8,"1,093.27",43.03 ,"4,330.50",29.42,2.1,1.0917,"15,988.08","2,900.97",9227,3475,0.217589348,2.19,,,,,
2016.1.15,"1,091.29",40.67 ,"4,442.00",32.19,2.139,1.0797,"16,093.51","2,916.56",9235,3297,0.250284414,2.1,,,,,
2016.1.22,"1,093.99",42.11 ,"4,568.00",33.62,2.298,1.0837,"16,466.30","2,737.60",9221,3086,0.21352733,2.04,,,,,
2016.1.29,"1,112.45",41.74 ,"4,615.00",30.89,2.063,1.1159,"16,204.97","2,763.49",9214,2934,0.208401977,2,,,,,
2016.2.5,"1,138.74",44.55 ,"4,491.50",29.44,1.966,1.126,"15,973.84",,9186,2864,0.262786596,1.89,,,,,
2016.2.12,"1,211.00",45.73 ,"4,605.00",29.64,1.804,1.1135,"16,391.99","2,860.02",9135,2701,0.251621872,1.71,,,,,
2016.2.19,"1,213.79",47.01 ,"4,690.50",32.78,1.791,1.0934,"16,639.97","2,767.21",9102,2584,0.333333333,1.78,,,,,
2016.2.26,"1,229.12",50.56 ,"4,998.00",35.92,1.666,1.1004,"17,006.77","2,874.15",9077,2536,0.483908719,1.75,,,,,
2016.3.4,"1,247.67",51.70 ,"4,948.00",38.5,1.822,1.1153,"17,213.31","2,810.31",9078,2479,0.640635341,1.82,,,,,
2016.3.11,"1,262.51",60.08 ,"5,051.00",39.44,1.907,1.127,"17,602.30","2,955.15",9068,2478,0.688010899,1.91,,,,,
2016.3.18,"1,244.37",55.12 ,"4,957.00",39.46,1.806,1.1166,"17,515.73","2,979.43",9038,2493,0.685598377,1.93,,,,,
2016.3.25,"1,234.00",57.86 ,"4,812.00",36.79,1.956,1.1387,"17,792.75","3,009.53",9022,2468,0.689253936,1.91,,,,,
2016.4.1,"1,228.21",54.72 ,"4,660.50",39.72,1.99,1.1401,"17,576.96","2,984.96",9008,2480,0.680216802,1.82,,,,,
2016.4.8,"1,230.80",54.57 ,"4,805.50",40.36,1.902,1.1283,"17,897.46","3,078.12",8977,2477,0.60948668,1.74,,,,,
2016.4.15,"1,243.21",58.80 ,"5,032.00",43.73,2.14,1.1234,"18,003.75","2,959.24",8953,2484,0.525798526,1.77,,,,,
2016.4.22,"1,246.84",64.95 ,"5,033.00",45.92,2.178,1.1456,"17,773.64","2,938.32",8938,2557,0.494447691,1.84,,,,,
2016.4.29,"1,253.93",63.82 ,"4,787.00",44.66,2.101,1.1405,"17,740.63","2,913.25",8825,2625,0.470588235,1.88,,,,,
2016.5.6,"1,286.56",60.51 ,"4,621.50",46.21,2.096,1.1308,"17,535.32","2,827.11",8802,2681,0.413284133,1.81,,,,,
2016.5.13,"1,270.01",55.08 ,"4,568.00",47.75,2.062,1.1224,"17,500.94","2,825.48",8791,2754,0.384615385,1.75,,,,,
2016.5.20,"1,267.22",55.05 ,"4,687.00",49.33,2.169,1.1115,"17,873.22","2,821.05",8767,2825,0.344597811,1.82,,,,,
2016.5.27,"1,228.69",50.72 ,"4,683.00",48.62,2.398,1.1367,"17,807.06","2,938.68",8735,2907,0.301836095,1.85,,,,,
2016.6.3,"1,219.88",49.42 ,"4,515.00",49.07,2.556,1.1251,"17,865.34","2,927.16",8745,2972,0.267918089,1.8,,,,,
2016.6.10,"1,257.48",52.27 ,"4,546.50",47.98,2.623,1.1277,"17,675.16","2,885.11",8716,3041,0.249897246,1.7,,,,,
2016.6.17,"1,290.54",51.18 ,"4,695.50",47.64,2.662,1.1117,"17,400.75","2,854.29",8677,3103,0.238228252,1.61,,,,,
2016.6.24,"1,279.38",51.34 ,"4,907.50",48.99,2.987,1.1136,"17,949.37","2,932.48",8622,3140,0.217526173,1.68,,,,,
2016.7.1,"1,323.35",54.28 ,"4,690.50",45.41,2.801,1.1055,"18,146.74","2,988.09",8428,3179,0.192423106,1.47,,,,,
2016.7.8,"1,355.74",55.66 ,"4,948.00",45.95,2.756,1.1036,"18,516.55","3,054.30",8485,3243,0.173299566,1.38,,,,,
2016.7.15,"1,338.57",58.22 ,"4,923.00",44.19,2.777,1.0976,"18,570.85","3,012.82",8494,3277,0.160821821,1.51,,,,,
2016.7.22,"1,324.68",56.33 ,"4,918.25",41.6,2.876,1.1174,"18,432.24","2,979.34",8515,3294,0.146935933,1.58,,,,,
2016.7.29,"1,329.78",58.73 ,"4,795.75",41.8,2.772,1.1085,"18,543.53","2,976.70",8460,3288,0.129896907,1.53,,,,,
2016.8.5,"1,355.09",61.22 ,"4,761.00",44.49,2.586,1.1161,"18,576.47","3,050.67",8445,3317,0.114957983,1.54,,,,,
2016.8.12,"1,346.54",60.47 ,"4,798.00",48.52,2.584,1.1326,"18,552.57","3,108.10",8597,3339,0.103072349,1.54,,,,,
2016.8.19,"1,344.64",60.96 ,"4,615.00",47.64,2.871,1.1198,"18,395.40","3,070.31",8548,3350,0.082740789,1.56,,,,,
2016.8.26,"1,329.04",61.05 ,"4,627.00",44.44,2.792,1.1156,"18,491.96","3,067.35",8488,3401,0.066144201,1.57,,,,,
2016.9.2,"1,315.40",59.13 ,"4,633.00",45.88,2.797,1.1233,"18,085.45","3,078.85",8458,3437,0.053648069,1.58,,,,,
2016.9.9,"1,337.24",58.56 ,"4,788.00",43.03,2.948,1.1155,"18,123.80","3,002.85",8493,3499,0.048860911,1.59,,,,,
2016.9.16,"1,317.83",56.00 ,"4,855.00",44.48,2.955,1.1226,"18,261.45","3,033.90",8512,3551,0.031967451,1.7,,,,,
2016.9.23,"1,326.50",56.09 ,"4,865.00",48.24,2.906,1.1241,"18,308.15","3,004.70",8497,3600,0.017811705,1.66,,,,,
2016.9.30,"1,326.12",56.48 ,"4,778.00",49.81,3.193,1.1201,"18,240.49",,8467,3680,0.012658228,1.58,,,,,
2016.10.7,"1,275.85",55.86 ,"4,675.00",50.35,3.285,1.0971,"18,138.38","3,063.81",8450,3759,0.00750469,1.7,,,,,
2016.10.14,"1,256.45",57.09 ,"4,635.00",50.85,2.993,1.0884,"18,145.71","3,090.94",8464,3836,0.006031996,1.78,,,,,
2016.10.21,"1,263.95",58.55 ,"4,843.00",48.7,3.105,1.0987,"18,161.19","3,104.27",8504,3909,0.008774194,1.76,,,,,
2016.10.28,"1,268.94",62.26 ,"4,991.00",44.07,2.767,1.1138,"17,888.28","3,125.32",8522,3963,0.008140422,1.81,,,,,
2016.11.4,"1,293.60",65.10 ,"5,549.00",43.41,2.619,1.0856,"18,847.66","3,196.04",8692,4017,0.008030113,1.82,,,,,
2016.11.11,"1,270.15",72.13 ,"5,423.00",45.69,2.843,1.0588,"18,867.93","3,192.86",8681,4047,0.01175,1.98,,,,,
2016.11.18,"1,221.50",73.84 ,"5,879.00",46.06,3.085,1.0587,"19,152.14","3,261.94",8690,4045,0.008979795,2.26,,,,,
2016.11.25,"1,197.13",75.53 ,"5,760.00",51.68,3.436,1.0673,"19,170.42","3,243.84",8699,3995,0.009858443,2.34,,,,,
2016.12.2,"1,177.40",77.27 ,"5,826.00",51.5,3.746,1.0562,"19,756.85","3,232.88",8697,3953,0.018814433,2.37,,,,,
2016.12.9,"1,169.40",80.81 ,"5,635.50",51.9,3.415,1.0451,"19,843.41","3,122.98",8796,3806,-0.010400416,2.4,,,,,
2016.12.16,"1,147.09",81.83 ,"5,469.00",53.02,3.662,1.0456,"19,933.81","3,110.15",8786,3597,-0.056895648,2.54,,,,,
2016.12.23,"1,131.74",78.86 ,"5,535.50",53.72,3.724,1.0516,"19,762.60","3,103.64",8766,3360,-0.10543131,2.55,,,,,
2016.12.30,"1,140.25",79.85 ,"5,590.00",53.99,3.285,1.0533,"19,963.80","3,154.32",8770,3311,-0.091133681,2.51,,,,,
2017.1.6,"1,166.95",77.59 ,"5,909.00",52.37,3.419,1.0644,"19,885.73","3,112.76",8946,3160,-0.090647482,2.43,,,,,
2017.1.13,"1,188.39",79.82 ,"5,748.00",52.42,3.204,1.0703,"19,827.25","3,123.14",8944,2917,-0.115256294,2.38,,,,,
2017.1.20,"1,206.08",81.73 ,"5,899.00",53.17,3.391,1.0699,"20,093.78","3,159.17",8961,2798,-0.093324692,2.43,,,,,
2017.1.27,"1,199.84",82.60 ,"5,772.00",53.83,3.063,1.0784,"20,071.46","3,140.17",8915,2711,-0.076005453,2.48,,,,,
2017.2.3,"1,209.28",83.05 ,"6,090.00",53.86,3.034,1.0641,"20,269.37","3,196.70",8978,2559,-0.106494413,2.48,,,,,
2017.2.10,"1,232.99",83.58 ,"5,960.00",53.4,2.834,1.0614,"20,624.05","3,202.08",8977,2445,-0.094779711,2.39,,,,,
2017.2.17,"1,231.98",91.08 ,"5,928.00",53.99,2.627,1.0563,"20,821.76","3,253.43",9001,2356,-0.088235294,2.46,,,,,
2017.2.24,"1,241.74",92.67 ,"5,917.00",53.33,2.827,1.0623,"21,005.71","3,218.31",9032,2363,-0.068217666,2.39,,,,,
2017.3.3,"1,243.56",91.71 ,"5,732.00",48.49,3.008,1.0672,"20,902.98","3,212.76",9088,2295,-0.074223477,2.43,,,,,
2017.3.10,"1,213.20",88.05 ,"5,935.00",48.78,2.948,1.0738,"20,914.62","3,237.45",9109,2242,-0.095238095,2.55,,,,,
2017.3.17,"1,213.31",90.46 ,"5,804.00",47.97,3.076,1.0799,"20,596.72","3,269.45",9129,2092,-0.160850381,2.55,,,,,
2017.3.24,"1,243.61",87.10 ,"5,837.50",50.6,3.19,1.0652,"20,663.22","3,222.51",9147,2049,-0.169773096,2.42,,,,,
2017.3.31,"1,251.91",81.60 ,"5,834.00",52.24,3.261,1.059,"20,656.10","3,286.62",9199,2051,-0.172983871,2.4,,,,,
2017.4.7,"1,253.93",79.34 ,"5,692.00",53.18,3.227,1.0612,"20,453.25","3,246.07",9235,2061,-0.167945095,2.35,,,,,
2017.4.14,"1,265.35",71.45 ,"5,623.00",49.62,3.101,1.0728,"20,547.76","3,173.15",9252,2115,-0.148550725,2.3,,,,,
2017.4.21,"1,280.49",65.53 ,"5,735.50",49.33,3.276,1.0897,"20,940.51","3,154.66",9265,2189,-0.143918655,2.23,,,,,
2017.4.28,"1,265.66",66.89 ,"5,585.00",46.22,3.266,1.0998,"21,006.94","3,103.04",9293,2256,-0.140571429,2.31,,,,,
2017.5.5,"1,240.56",66.08 ,"5,559.50",47.84,3.424,1.0931,"20,896.61","3,083.51",9314,2301,-0.141738157,2.33,,,,,
2017.5.12,"1,227.51",60.67 ,"5,682.00",50.33,3.256,1.1207,"20,804.84","3,090.63",9305,2369,-0.139796659,2.39,,,,,
2017.5.19,"1,246.56",61.69 ,"5,657.50",49.8,3.236,1.1183,"21,080.28","3,110.06",9320,2444,-0.134867257,2.27,,,,,
2017.5.26,"1,258.72",60.77 ,"5,665.00",47.66,2.999,1.1282,"21,206.29","3,105.54",9342,2525,-0.131406949,2.26,,,,,
2017.6.2,"1,267.18",57.56 ,"5,804.00",45.83,3.039,1.1196,"21,271.97","3,158.40",9318,2631,-0.11473755,2.2,,,,,
2017.6.9,"1,280.82",55.63 ,"5,663.00",44.74,3.037,1.1198,"21,384.28","3,123.17",9330,2709,-0.109174614,2.18,,,,,
2017.6.16,"1,262.77",54.73 ,"5,800.50",43.01,2.929,1.1194,"21,394.76","3,157.87",9350,2770,-0.107315501,2.18,,,,,
2017.6.23,"1,247.87",56.57 ,"5,937.00",46.04,3.035,1.1426,"21,349.63","3,192.43",9250,2816,-0.103184713,2.16,,,,,
2017.6.30,"1,245.71",62.25 ,"5,828.00",44.23,2.864,1.1401,"21,414.34","3,217.96",9338,2878,-0.094683863,2.23,,,,,
2017.7.7,"1,222.77",63.11 ,"5,926.00",46.54,2.98,1.1469,"21,637.74","3,222.42",9397,2936,-0.094665433,2.36,,,,,
2017.7.14,"1,218.19",65.03 ,"6,004.00",45.77,2.97,1.1663,"21,580.07","3,237.98",9429,2963,-0.095819347,2.35,,,,,
2017.7.21,"1,240.85",68.22 ,"6,325.00",49.71,2.941,1.1752,"21,830.31","3,253.24",9410,2980,-0.095324833,2.27,,,,,
2017.7.28,"1,256.81",69.34 ,"6,372.00",49.58,2.774,1.1772,"22,092.81","3,262.08",9430,2999,-0.087895377,2.3,,,,,
2017.8.4,"1,266.78",73.42 ,"6,411.00",48.82,2.983,1.1821,"21,858.32","3,208.54",9423,3029,-0.086825445,2.27,,,,,
2017.8.11,"1,272.27",75.88 ,"6,486.00",48.51,2.893,1.1762,"21,674.51","3,268.72",9502,3082,-0.076969152,2.24,,,,,
2017.8.18,"1,281.26",74.94 ,"6,666.00",47.87,2.892,1.1926,"21,813.67","3,331.52",9528,3125,-0.067164179,2.22,,,,,
2017.8.25,"1,287.61",78.59 ,"6,835.00",47.29,3.07,1.1859,"21,987.56","3,367.12",9530,3155,-0.072331667,2.19,,,,,
2017.9.1,"1,314.83",77.13 ,"6,693.00",47.48,2.89,1.2035,"21,797.79","3,365.24",8781,3220,-0.063136456,2.14,,,,,
2017.9.8,"1,339.25",76.61 ,"6,507.00",49.89,3.024,1.1943,"22,268.34","3,353.62",9353,3311,-0.053729637,2.07,,,,,
2017.9.15,"1,327.13",74.71 ,"6,457.00",50.66,2.959,1.1954,"22,349.59","3,352.53",9510,3408,-0.040270346,2.18,,,,,
2017.9.22,"1,303.98",67.98 ,"6,481.00",51.67,3.007,1.1814,"22,405.09","3,348.94",9547,3466,-0.037222222,2.26,,,,,
2017.9.29,"1,288.47",63.42 ,"6,666.50",49.29,2.863,1.1734,"22,773.67",,9561,3508,-0.04673913,2.28,,,,,
2017.10.6,"1,271.10",61.97 ,"6,882.00",51.45,3,1.1823,"22,871.72","3,390.52",9480,3595,-0.043628625,2.34,,,,,
2017.10.13,"1,289.85",61.19 ,"6,952.00",51.47,2.915,1.1785,"23,328.63","3,378.65",8406,3645,-0.049791449,2.33,,,,,
2017.10.20,"1,287.17",62.25 ,"6,830.00",53.9,2.752,1.161,"23,434.19","3,416.81",9507,3710,-0.050908161,2.33,,,,,
2017.10.27,"1,273.31",61.64 ,"6,895.00",55.64,2.984,1.1609,"23,539.19","3,371.74",9553,3775,-0.047438809,2.42,,,,,
2017.11.3,"1,273.12",59.26 ,"6,786.00",56.74,3.213,1.1665,"23,422.21","3,432.67",9620,3790,-0.056509833,2.36,,,,,
2017.11.10,"1,279.92",62.64 ,"6,777.00",56.55,3.097,1.1795,"23,358.24","3,382.91",9645,3772,-0.067951569,2.34,,,,,
2017.11.17,"1,279.82",62.28 ,"7,002.00",58.95,2.813,1.193,"23,557.99","3,353.82",9658,3726,-0.078862794,2.37,,,,,
2017.11.24,"1,287.46",65.35 ,"6,833.00",58.36,3.061,1.1891,"24,231.59","3,317.62",9682,3693,-0.075594493,2.35,,,,,
2017.12.1,"1,285.26",68.24 ,"6,571.00",57.36,2.772,1.1764,"24,329.16","3,289.99",9707,3695,-0.065266886,2.36,,,,,
2017.12.8,"1,261.82",69.77 ,"6,886.00",57.3,2.612,1.1754,"24,651.74","3,266.14",9780,3626,-0.047293747,2.36,,,,,
2017.12.15,"1,247.26",70.47 ,"7,125.00",58.47,2.667,1.1859,"24,754.06","3,297.06",9789,3444,-0.042535446,2.37,,,,,
2017.12.22,"1,262.51",74.02 ,"7,247.00",60.42,2.953,1.1998,"24,719.22","3,307.17",9754,3332,-0.008333333,2.46,,,,,
2017.12.29,"1,285.20",73.77 ,"7,121.00",61.44,2.795,1.203,"25,295.87","3,391.75",9782,3126,-0.055874358,2.43,,,,,
2018.1.5,"1,314.65",75.49 ,"7,110.00",64.3,3.2,1.2187,"25,803.19","3,428.94",9492,2767,-0.124367089,2.46,,,,,
2018.1.12,"1,320.11",78.33 ,"7,041.00",63.37,3.185,1.2222,"26,071.72","3,487.86",9750,2584,-0.114158382,2.54,,,,,
2018.1.19,"1,335.18",75.69 ,"7,085.00",66.14,3.505,1.2421,"26,616.71","3,558.13",9878,2296,-0.179413867,2.59,,,,,
2018.1.26,"1,345.56",75.47 ,"7,045.00",65.45,2.846,1.2462,"25,520.96","3,462.08",9919,2197,-0.189597934,2.65,,,,,
2018.2.2,"1,341.26",73.50 ,"6,755.00",59.2,2.584,1.2235,"24,190.90","3,129.85",10251,2078,-0.187964048,2.75,,,,,
2018.2.9,"1,323.84",76.54 ,"7,233.00",61.68,2.558,1.2406,"25,219.38","3,199.16",10271,1884,-0.229447853,2.82,,,,,
2018.2.16,"1,337.69",77.61 ,"7,095.00",63.55,2.625,1.2293,"25,309.99","3,289.02",10270,1760,-0.252971138,2.87,,,,,
2018.2.23,"1,334.65",78.51 ,"6,898.00",61.25,2.695,1.2317,"24,538.06","3,254.53",10283,1682,-0.288192975,2.91,,,,,
2018.3.2,"1,321.43",79.13 ,"6,962.00",62.04,2.732,1.2307,"25,335.74","3,307.17",10369,1625,-0.291938998,2.86,,,,,
2018.3.9,"1,324.56",74.45 ,"6,888.00",62.34,2.688,1.2289,"24,946.51","3,269.88",10381,1532,-0.316681534,2.88,,,,,
2018.3.16,"1,318.86",70.66 ,"6,660.00",65.88,2.591,1.2353,"23,533.20","3,152.76",10407,1446,-0.308795411,2.84,,,,,
2018.3.23,"1,324.10",66.68 ,"6,714.00",64.94,2.733,1.2323,"24,103.11","3,168.90",10433,1383,-0.325036603,2.86,,,,,
2018.3.30,"1,337.54",64.21 ,"6,769.00",62.06,2.701,1.2283,"23,932.76","3,131.11",10460,1354,-0.339834227,2.79,,,,,
2018.4.6,"1,332.41",64.05 ,"6,830.00",67.39,2.735,1.2331,"24,360.14","3,159.05",10525,1335,-0.352256186,2.78,,,,,
2018.4.13,"1,341.34",64.69 ,"6,992.00",68.38,2.739,1.2288,"24,462.94","3,071.54",10540,1299,-0.385815603,2.8,,,,,
2018.4.20,"1,345.65",65.97 ,"6,797.00",68.1,2.771,1.213,"24,311.19","3,082.23",10586,1281,-0.414801279,2.88,,,,,
2018.4.27,"1,323.40",66.50 ,"6,826.00",69.72,2.711,1.196,"24,262.51","3,091.03",10619,1343,-0.404698582,2.99,,,,,
2018.5.4,"1,309.79",66.43 ,"6,942.00",70.7,2.806,1.1944,"24,831.17","3,163.26",10703,1432,-0.377661886,2.96,,,,,
2018.5.11,"1,315.90",66.95 ,"6,855.00",71.28,2.847,1.1778,"24,715.09","3,193.30",10723,1538,-0.35078092,2.97,,,,,
2018.5.18,"1,296.78",67.93 ,"6,885.00",67.88,2.939,1.1652,"24,753.09","3,141.30",10725,1629,-0.333469722,3.07,,,,,
2018.5.25,"1,295.75",64.66 ,"6,896.00",65.81,2.962,1.1661,"24,635.21","3,075.14",10769,1725,-0.316831683,3.01,,,,,
2018.6.1,"1,299.04",65.29 ,"7,312.00",65.74,2.89,1.1768,"25,316.53","3,067.15",10800,1817,-0.309388065,2.83,,,,,
2018.6.8,"1,296.62",66.30 ,"7,020.00",65.06,3.022,1.1609,"25,090.48","3,021.90",10900,1913,-0.293835364,2.94,,,,,
2018.6.15,"1,296.48",67.37 ,"6,789.00",68.58,2.945,1.1657,"24,580.89","2,889.76",10900,2008,-0.275090253,2.95,,,,,
2018.6.22,"1,273.44",66.13 ,"6,626.00",74.15,2.924,1.1685,"24,271.41","2,847.42",10900,2074,-0.263494318,2.91,,,,,
2018.6.29,"1,257.12",65.23 ,"6,282.00",73.8,2.858,1.1747,"24,456.48","2,747.23",10900,2152,-0.252258513,2.85,,,,,
2018.7.6,"1,253.21",64.05 ,"6,237.00",71.01,2.752,1.1685,"25,019.41","2,831.18",10900,2203,-0.249659401,2.84,,,,,
2018.7.13,"1,251.01",63.85 ,"6,147.50",70.46,2.757,1.172,"25,058.12","2,829.27",11000,2248,-0.241309484,2.85,,,,,
2018.7.20,"1,228.94",64.85 ,"6,297.00",68.69,2.822,1.1658,"25,451.06","2,873.59",11000,2272,-0.237583893,2.86,,,,,
2018.7.27,"1,227.40",66.23 ,"6,206.00",68.49,2.853,1.1567,"25,462.58","2,740.44",10900,2305,-0.23141047,2.96,,,,,
2018.8.3,"1,219.10",66.92 ,"6,190.00",67.63,2.944,1.1411,"25,313.14","2,795.31",10800,2353,-0.223175966,2.97,,,,,
2018.8.10,"1,212.06",69.44 ,"5,926.00",65.91,2.946,1.1439,"25,669.32","2,668.97",10900,2386,-0.225827385,2.94,,,,,
2018.8.17,"1,187.63",67.56 ,"6,105.00",68.72,2.917,1.1623,"25,790.35","2,729.43",11000,2435,-0.2208,2.87,,,,,
2018.8.24,"1,192.40",66.85 ,"5,975.00",69.8,2.916,1.1601,"25,964.82","2,725.25",11000,2504,-0.206339144,2.83,,,,,
2018.8.31,"1,204.05",66.37 ,"5,933.00",67.75,2.776,1.1553,"25,916.54","2,702.30",11000,2567,-0.202795031,2.87,,,,,
2018.9.7,"1,198.33",66.96 ,"5,973.00",68.99,2.767,1.163,"26,154.67","2,681.64",10900,2636,-0.203865902,2.91,,,,,
2018.9.14,"1,198.76",67.78 ,"6,363.00",70.78,2.977,1.175,"26,743.50","2,797.48",11000,2722,-0.20129108,2.97,,,,,
2018.9.21,"1,202.49",69.15 ,"6,258.00",73.25,3.008,1.1609,"26,458.31","2,821.35",11100,2768,-0.201384882,3.05,,,,,
2018.9.28,"1,194.31",69.00 ,"6,173.00",74.34,3.143,1.1524,"26,447.05",,11100,2866,-0.183010262,3.07,,,,,
2018.10.5,"1,200.50",69.24 ,"6,302.00",71.34,3.161,1.1563,"25,339.99","2,606.91",11200,2956,-0.177746871,3.14,,,,,
2018.10.12,"1,197.28",70.93 ,"6,220.00",69.12,3.25,1.1515,"25,444.34","2,550.47",10900,3037,-0.166803841,3.18,,,,,
2018.10.19,"1,228.11",72.68 ,"6,160.00",67.59,3.185,1.1403,"24,688.31","2,598.85",10900,3095,-0.165768194,3.18,,,,,
2018.10.26,"1,230.69",75.07 ,"6,283.00",63.14,3.284,1.1387,"25,270.83","2,676.48",11200,3143,-0.167417219,3.14,,,,,
2018.11.2,"1,226.88",75.62 ,"6,056.00",60.19,3.719,1.1336,"25,989.30","2,598.87",11600,3208,-0.153562005,3.14,,,,,
2018.11.9,"1,225.87",76.12 ,"6,205.00",56.46,4.272,1.142,"25,413.22","2,679.11",11700,3247,-0.139183457,3.21,,,,,
2018.11.16,"1,209.03",75.59 ,"6,207.00",50.42,4.308,1.1341,"24,285.95","2,579.48",11700,3113,-0.164519592,3.11,,,,,
2018.11.23,"1,224.28",73.43 ,"6,198.00",50.93,4.612,1.1317,"25,538.46","2,588.19",11700,3054,-0.173030057,3.06,,,,,
2018.11.30,"1,220.33",65.65 ,"6,145.00",52.61,4.488,1.1378,"24,388.95","2,605.89",11700,2991,-0.19052774,3.05,,,,,
2018.12.7,"1,238.47",66.80 ,"6,131.50",51.2,3.827,1.1309,"24,100.51","2,593.74",11600,2914,-0.196359625,2.9,,,,,
2018.12.14,"1,242.90",67.44 ,"5,991.00",45.59,3.816,1.1369,"22,445.37","2,516.25",11600,2773,-0.194831591,2.89,,,,,
2018.12.21,"1,252.17",70.23 ,"5,997.00",45.33,3.303,1.1438,"23,062.40","2,493.90",11700,2725,-0.182172869,2.81,,,,,
2018.12.28,"1,273.50",70.23 ,"5,918.00",47.96,3.044,1.1395,"23,433.16","2,514.87",11700,2705,-0.134676903,2.76,,,,,
2019.1.4,"1,284.42",72.63 ,"5,942.00",51.59,3.099,1.1469,"23,995.95","2,553.83",11700,2614,-0.055294543,2.65,,,,,
2019.1.11,"1,289.62",73.74 ,"6,052.00",53.8,3.482,1.1363,"24,706.35","2,596.01",11900,2533,-0.019736842,2.72,,,,,
2019.1.18,"1,290.87",74.43 ,"6,056.00",53.69,3.178,1.1415,"24,737.20","2,601.72",11900,2370,0.032229965,2.74,,,,,
2019.1.25,"1,283.81",74.91 ,"6,139.00",55.26,2.734,1.1456,"25,063.89","2,618.23",11900,2197,0,2.75,,,,,
2019.2.1,"1,312.47",82.05 ,"6,210.00",52.72,2.583,1.133,"25,106.33",,11900,1960,-0.056785371,2.7,,,,,
2019.2.8,"1,312.72",85.53 ,"6,188.00",55.59,2.625,1.1295,"25,883.25","2,682.39",11900,1882,-0.001061571,2.68,,,,,
2019.2.15,"1,311.44",88.39 ,"6,478.00",57.26,2.717,1.1343,"26,031.81","2,804.23",12000,1705,-0.03125,2.67,,,,,
2019.2.22,"1,332.74",87.77 ,"6,478.00",55.8,2.859,1.1377,"26,026.32","2,994.00",12100,1539,-0.085017836,2.66,,,,,
2019.3.1,"1,322.01",85.07 ,"6,395.00",56.07,2.865,1.124,"25,450.24","2,969.86",12100,1390,-0.144615385,2.7,,,,,
2019.3.8,"1,287.42",87.03 ,"6,431.00",58.52,2.795,1.1325,"25,848.87","3,021.75",12000,1190,-0.223237598,2.68,,,,,
2019.3.15,"1,299.16",85.52 ,"6,312.00",59.04,2.753,1.1314,"25,502.32","3,104.15",12100,1143,-0.209543568,2.62,,,,,
2019.3.22,"1,307.58",86.05 ,"6,482.50",60.14,2.662,1.1218,"25,928.68","3,090.76",12100,1107,-0.199566161,2.55,,,,,
2019.3.29,"1,307.22",85.53 ,"6,401.00",63.08,2.664,1.1216,"26,424.99","3,246.57",12200,1130,-0.165435746,2.41,,,,,
2019.4.5,"1,289.17",91.49 ,"6,484.00",63.89,2.66,1.1302,"26,412.30","3,188.63",12200,1155,-0.134831461,2.5,,,,,
2019.4.12,"1,300.31",95.38 ,"6,476.00",64,2.49,1.1248,"26,559.54","3,270.80",12100,1247,-0.040030793,2.52,,,,,
2019.4.19,"1,278.39",93.88 ,"6,400.00",63.3,2.566,1.1149,"26,543.33","3,086.40",12200,1339,0.045277127,2.58,,,,,
2019.4.26,"1,276.54",93.93 ,"6,236.00",61.94,2.567,1.1202,"26,504.95","3,078.34",12300,1462,0.088607595,2.55,,,,,
2019.5.3,"1,279.02",94.14 ,"6,126.00",61.66,2.619,1.1235,"25,942.37","2,939.21",12200,1547,0.080307263,2.53,,,,,
2019.5.10,"1,284.90",95.74 ,"6,056.00",62.76,2.631,1.1158,"25,764.00","2,882.30",12100,1653,0.074772432,2.47,,,,,
2019.5.17,"1,293.12",97.66 ,"5,955.00",58.63,2.598,1.1204,"25,585.69","2,852.99",12200,1753,0.076120319,2.4,,,,,
2019.5.24,"1,277.59",104.30 ,"5,830.00",53.5,2.454,1.1169,"24,815.04","2,898.70",12300,1867,0.082318841,2.37,,,,,
2019.5.31,"1,284.11",105.05 ,"5,799.00",53.99,2.337,1.1333,"25,983.94","2,827.80",12400,1986,0.093010457,2.22,,,,,
2019.6.7,"1,330.51",100.18 ,"5,822.00",52.51,2.387,1.1209,"26,089.61","2,881.97",12300,2088,0.091479352,2.1,,,,,
2019.6.14,"1,334.48",107.04 ,"5,971.00",57.43,2.186,1.1368,"26,719.13","3,001.98",12200,2203,0.097111554,2.12,,,,,
2019.6.21,"1,360.67",113.76 ,"5,993.00",58.47,2.308,1.137,"26,599.96","2,978.88",12100,2301,0.109450338,2.05,,,,,
2019.6.28,"1,410.51",117.07 ,"5,902.00",57.51,2.418,1.1226,"26,922.12","3,011.06",12200,2390,0.110594796,2.02,,,,,
2019.7.5,"1,399.64",122.20 ,"5,935.00",60.21,2.453,1.1271,"27,332.03","2,930.55",12300,2471,0.121652292,2,,,,,
2019.7.12,"1,404.26",119.91 ,"6,065.00",55.63,2.251,1.1222,"27,154.20","2,924.20",12000,2533,0.126779359,2.09,,,,,
2019.7.19,"1,417.95",121.10 ,"5,963.00",56.2,2.169,1.1127,"27,192.45","2,944.54",11300,2569,0.130721831,2.07,,,,,
2019.7.26,"1,423.35",117.29 ,"5,729.50",55.66,2.121,1.1109,"26,485.01","2,867.84",12200,2634,0.142733189,2.07,,,,,
2019.8.2,"1,424.21",115.63 ,"5,755.00",54.5,2.119,1.12,"26,287.44","2,774.75",12300,2689,0.14279643,1.98,,,,,
2019.8.9,"1,486.00",96.39 ,"5,744.00",54.87,2.2,1.109,"25,886.01","2,823.82",12300,2738,0.147527242,1.73,,,,,
2019.8.16,"1,509.45",89.50 ,"5,633.00",54.17,2.152,1.1144,"25,628.90","2,897.43",12300,2797,0.148665298,1.6,,,,,
2019.8.23,"1,502.05",86.19 ,"5,676.00",55.1,2.285,1.0991,"26,403.28","2,886.24",12500,2857,0.140974441,1.58,,,,,
2019.8.30,"1,534.68",83.17 ,"5,833.00",56.52,2.496,1.1029,"26,797.46","2,999.60",12400,2941,0.145695364,1.5,,,,,
2019.9.6,"1,532.54",90.05 ,"5,974.50",54.85,2.614,1.1075,"27,219.52","3,031.24",12400,3019,0.145295903,1.52,,,,,
2019.9.13,"1,503.28",95.89 ,"5,798.00",58.09,2.534,1.1018,"26,935.07","3,006.45",12400,3103,0.13997061,1.76,,,,,
2019.9.20,"1,501.08",95.57 ,"5,767.00",55.91,2.404,1.0939,"26,820.25","2,932.17",12500,3205,0.157875723,1.8,,,,,
2019.9.27,"1,513.56",91.41 ,"5,643.00",52.81,2.352,1.0978,"26,573.72","2,905.19",12400,3317,0.157362177,1.7,,,,,
2019.10.4,"1,493.52",93.38 ,"5,796.00",54.7,2.214,1.1042,"26,816.59","2,973.66",12600,3415,0.155277402,1.6,,,,,
2019.10.11,"1,497.66",93.33 ,"5,806.00",53.78,2.32,1.1171,"26,770.20","2,938.14",12600,3519,0.158709253,1.62,,,,,
2019.10.18,"1,489.23",89.15 ,"5,925.00",56.66,2.3,1.108,"26,958.06","2,954.93",12600,3606,0.165105008,1.76,,,,,
2019.10.25,"1,496.29",86.92 ,"5,850.00",56.2,2.714,1.1167,"27,347.36","2,958.20",12600,3695,0.175628381,1.78,,,,,
2019.11.1,"1,498.20",86.33 ,"5,924.00",57.24,2.789,1.1018,"27,681.24","2,964.18",12600,3729,0.162406484,1.78,,,,,
2019.11.8,"1,486.57",82.66 ,"5,849.00",57.72,2.688,1.1052,"28,004.89","2,891.34",12800,3732,0.149368648,1.86,,,,,
2019.11.15,"1,461.44",81.99 ,"5,855.00",57.77,2.665,1.1024,"27,875.62","2,885.29",12800,3638,0.168647607,1.87,,,,,
2019.11.22,"1,467.86",86.53 ,"5,864.00",55.17,2.281,1.1017,"28,051.41","2,871.98",12900,3610,0.18205632,1.77,,,,,
2019.11.29,"1,456.44",88.67 ,"5,990.00",59.2,2.334,1.1059,"28,015.06","2,912.01",12900,3591,0.200601805,1.76,,,,,
2019.12.6,"1,469.83",88.71 ,"6,130.00",60.07,2.296,1.1121,"28,135.38","2,967.68",12800,3518,0.207275223,1.79,,,,,
2019.12.13,"1,465.57",94.16 ,"6,175.00",60.44,2.328,1.1079,"28,455.09","3,004.94",12800,3411,0.23007573,1.84,,,,,
2019.12.20,"1,476.69",93.34 ,"6,214.00",61.72,2.158,1.1177,"28,645.26","3,005.04",12900,3250,0.19266055,1.91,,,,,
2019.12.27,"1,496.80",91.13 ,"6,129.50",63.05,2.13,1.116,"28,634.88","3,083.79",12900,3192,0.180036969,1.9,,,,,
2020.1.3,"1,530.20",92.97 ,"6,198.00",59.04,2.202,1.1122,"28,823.77","3,092.29",12900,3148,0.204284621,1.88,,,,,
2020.1.10,"1,563.45",95.05 ,"6,273.00",58.54,2.003,1.109,"29,348.10","3,075.50",13000,3039,0.199763127,1.84,,,,,
2020.1.17,"1,551.23",96.67 ,"5,926.00",54.19,1.893,1.1025,"28,989.73","2,976.53",13000,2947,0.243459916,1.82,,,,,
2020.1.24,"1,559.11",95.47 ,"5,567.00",51.56,1.841,1.1094,"28,256.03","2,976.53",13000,2746,0.249886208,1.75,,,,,
2020.1.31,"1,578.00",87.61 ,"5,663.00",50.32,1.858,1.0945,"29,102.51","2,875.96",12900,2609,0.331122449,1.59,,,,,
2020.2.7,"1,564.47",82.44 ,"5,760.00",52.05,1.837,1.0832,"29,398.08","2,917.01",13000,2494,0.325185972,1.61,,,,,
2020.2.14,"1,572.77",86.94 ,"5,765.00",53.38,1.905,1.0845,"28,992.41","3,039.67",13000,2343,0.374193548,1.59,,,,,
2020.2.21,"1,607.43",90.98 ,"5,635.00",44.76,1.684,1.1027,"25,409.36","2,880.30",13000,2200,0.429499675,1.52,,,,,
2020.2.28,"1,643.74",88.10 ,"5,607.00",41.28,1.708,1.1286,"25,864.78","3,034.51",13100,2091,0.504316547,1.29,,,,,
2020.3.6,"1,640.05",90.25 ,"5,460.00",31.73,1.869,1.1106,"23,185.62","2,887.43",13000,2043,0.716806723,0.96,,,,,
2020.3.13,"1,623.09",90.51 ,"4,810.00",22.43,1.604,1.0695,"19,173.98","2,745.62",13100,2034,0.779527559,0.79,,,,,
2020.3.20,"1,498.15",90.63 ,"4,790.50",21.51,1.634,1.1142,"21,636.78","2,772.20",13000,2005,0.811201445,0.99,,,,,
2020.3.27,"1,597.74",85.10 ,"4,839.50",28.34,1.621,1.0809,"21,052.53","2,763.99",13000,1986,0.757522124,0.81,,,,,
2020.4.3,"1,606.74",83.16 ,"5,019.50",22.76,1.733,1.0936,"23,719.37","2,796.63",12400,2024,0.752380952,0.65,,,,,
2020.4.10,"1,656.50",83.61 ,"5,211.00",18.27,1.753,1.0878,"24,242.49","2,838.49",12300,2097,0.681635926,0.73,,,,,
2020.4.17,"1,720.65",86.20 ,"5,139.50",16.94,1.746,1.0821,"23,775.27","2,808.53",12200,2140,0.598207618,0.68,,,,,
2020.4.24,"1,706.19",85.13 ,"5,110.00",19.78,1.89,1.0985,"23,723.69","2,860.08",12100,2210,0.511627907,0.61,,,,,
2020.5.1,"1,699.77",83.06 ,"5,274.00",24.74,1.823,1.0841,"24,331.32","2,895.34",11900,2319,0.499030381,0.64,,,,,
2020.5.8,"1,701.05",85.26 ,"5,181.50",29.43,1.646,1.0816,"23,685.42","2,868.46",11600,2422,0.465214761,0.67,,,,,
2020.5.15,"1,716.10",91.55 ,"5,288.50",33.25,1.731,1.0902,"24,465.16","2,813.77",11500,2503,0.427837992,0.67,,,,,
2020.5.22,"1,735.88",97.61 ,"5,376.50",35.49,1.849,1.1099,"25,383.11","2,852.35",11400,2612,0.399035886,0.69,,,,,
2020.5.29,"1,715.23",97.53 ,"5,690.00",39.55,1.782,1.1286,"27,110.98","2,930.80",11200,2714,0.366565962,0.68,,,,,
2020.6.5,"1,712.32",100.59 ,"5,784.50",36.26,1.731,1.1256,"25,605.54","2,919.74",11100,2807,0.344348659,0.77,,,,,
2020.6.12,"1,719.53",104.59 ,"5,849.50",39.75,1.669,1.1177,"25,871.46","2,967.63",10500,2892,0.312755334,0.77,,,,,
2020.6.19,"1,721.78",103.44 ,"5,957.00",38.49,1.495,1.1219,"25,015.55","2,979.55",11000,3012,0.308996089,0.72,,,,,
2020.6.26,"1,760.19",102.48 ,"6,017.00",40.65,1.734,1.1249,"25,827.36","3,152.81",11000,3077,0.287447699,0.69,,,,,
2020.7.3,"1,772.22",99.71 ,"6,412.00",40.55,1.805,1.13,"26,075.30","3,383.32",11000,3133,0.26790773,0.67,,,,,
2020.7.10,"1,800.75",104.27 ,"6,448.00",40.59,1.718,1.1428,"26,671.95","3,214.13",11000,3178,0.254638768,0.66,,,,,
2020.7.17,"1,805.81",111.70 ,"6,415.00",41.29,1.808,1.1656,"26,469.89","3,196.77",11100,3215,0.251459712,0.63,,,,,
2020.7.24,"1,858.20",110.29 ,"6,413.00",40.27,1.799,1.1774,"26,428.32","3,310.01",11100,3241,0.230447988,0.6,,,,,
2020.7.31,"1,950.20",108.87 ,"6,308.00",41.22,2.238,1.1786,"27,433.48","3,354.04",11000,3274,0.217552994,0.58,,,,,
2020.8.7,"2,016.58",118.50 ,"6,366.50",42.01,2.356,1.1841,"27,931.02","3,360.10",10700,3332,0.216946676,0.55,,,,,
2020.8.14,"1,961.01",122.45 ,"6,490.00",42.34,2.448,1.1795,"27,930.33","3,380.68",10700,3375,0.206649982,0.67,,,,,
2020.8.21,"1,962.82",127.38 ,"6,667.00",42.97,2.657,1.1903,"28,653.87","3,403.81",10800,3420,0.197059853,0.67,,,,,
2020.8.28,"1,933.85",123.80 ,"6,710.00",39.77,2.588,1.1838,"28,133.31","3,355.37",9700,3455,0.174770486,0.7,,,,,
2020.9.4,"1,946.54",127.03 ,"6,739.00",37.33,2.269,1.1845,"27,665.64","3,260.35",10000,3525,0.167605167,0.68,,,,,
2020.9.11,"1,940.05",127.85 ,"6,812.50",41.11,2.048,1.1837,"27,657.42","3,338.09",10900,3614,0.164679343,0.69,,,,,
2020.9.18,"1,951.39",126.03 ,"6,545.00",40.25,2.139,1.163,"27,173.96","3,219.42",10700,3680,0.148205928,0.69,,,,,
2020.9.25,"1,882.04",124.26 ,"6,553.00",37.05,2.438,1.1713,"27,682.81","3,218.05",10700,3756,0.132348508,0.67,,,,,
2020.10.2,"1,888.04",120.83 ,"6,763.00",40.6,2.741,1.1824,"28,586.90","3,272.08",11000,3831,0.12181552,0.68,,,,,
2020.10.9,"1,903.64",123.92 ,"6,740.00",40.88,2.773,1.1718,"28,606.31","3,336.36",10500,3877,0.101733447,0.78,,,,,
2020.10.16,"1,904.76",120.54 ,"6,867.50",39.85,2.971,1.1859,"28,335.57","3,278.00",9900,3926,0.088740987,0.74,,,,,
2020.10.23,"1,906.55",119.03 ,"6,718.50",35.79,3.354,1.1647,"26,501.60","3,224.53",11100,3955,0.070365359,0.83,,,,,
2020.10.30,"1,885.25",116.02 ,"6,946.50",37.14,2.888,1.1872,"28,323.40","3,312.16",10500,3919,0.050951998,0.82,,,,,
2020.11.6,"1,915.52",117.36 ,"6,982.50",40.13,2.995,1.1832,"29,479.81","3,310.10",10500,3927,0.052250804,0.83,,,,,
2020.11.13,"1,874.54",122.94 ,"7,277.50",42.15,2.65,1.1853,"29,263.48","3,377.73",10900,3958,0.087960418,0.93,,,,,
2020.11.20,"1,876.76",126.51 ,"7,499.50",45.53,2.843,1.1962,"29,910.37","3,408.31",11000,3940,0.091412742,0.87,,,,,
2020.11.27,"1,807.34",128.02 ,"7,760.50",46.26,2.575,1.212,"30,218.26","3,444.58",11100,3939,0.096908939,0.87,,,,,
2020.12.4,"1,814.25",136.43 ,"7,772.50",46.57,2.591,1.2111,"30,046.37","3,347.19",11100,3848,0.093803297,0.92,,,,,
2020.12.11,"1,851.24",152.43 ,"7,985.00",49.1,2.7,1.2255,"30,179.05","3,394.90",11000,3726,0.092348285,0.93,,,,,
2020.12.18,"1,860.85",157.75 ,"7,787.50",48.23,2.518,1.2204,"30,199.87","3,396.56",11000,3574,0.099692308,0.93,,,,,
2020.12.25,"1,877.37",167.27 ,"7,766.00",48.52,2.539,1.2212,"30,606.48","3,473.07",11000,3460,0.0839599,0.95,,,,,
2021.1.1,"1,880.95",161.80 ,"8,131.00",52.24,2.7,1.2218,"31,097.97","3,570.11",11000,3330,0.057814485,0.94,,,,,
2021.1.8,"1,919.58",169.32 ,"7,949.00",52.36,2.737,1.2078,"30,814.26","3,566.38",11000,3196,0.051661731,1.03,,,,,
2021.1.15,"1,845.62",172.19 ,"7,997.50",52.27,2.446,1.2167,"30,996.98","3,606.75",11000,3009,0.021038344,1.13,,,,,
2021.1.22,"1,847.83",171.49 ,"7,856.00",52.2,2.564,1.2136,"29,982.62","3,483.07",10900,2881,0.049162418,1.11,,,,,
2021.1.29,"1,854.79",163.36 ,"7,912.50",56.85,2.863,1.2042,"31,148.24","3,496.33",10900,2689,0.030663089,1.06,,,,,
2021.2.5,"1,824.07",154.91 ,"8,332.00",59.47,2.912,1.2118,"31,458.40","3,655.09",11000,2518,0.009623095,1.14,,,,,
2021.2.12,"1,834.79",164.60 ,"8,909.50",59.24,3.069,1.2117,"31,494.32","3,696.17",10800,2281,-0.026461801,1.18,,,,,
2021.2.19,"1,790.32",169.85 ,"9,077.00",61.5,2.771,1.2074,"30,932.37","3,509.08",9700,1943,-0.116818182,1.31,,,,,
2021.2.26,"1,783.52",174.35 ,"8,895.50",66.09,2.701,1.1917,"31,496.30","3,501.99",10000,1845,-0.117647059,1.42,,,,,
2021.3.5,"1,715.55",175.72 ,"9,085.00",65.61,2.6,1.1952,"32,778.64","3,453.08",10900,1793,-0.122369065,1.49,,,,,
2021.3.12,"1,709.84",167.91 ,"9,057.00",61.42,2.535,1.1903,"32,627.97","3,404.66",10900,1782,-0.123893805,1.57,,,,,
2021.3.19,"1,729.88",164.77 ,"8,962.00",60.97,2.557,1.1796,"33,072.88","3,418.33",11000,1750,-0.127182045,1.66,,,,,
2021.3.26,"1,732.39",160.27 ,"8,790.00",61.45,2.639,1.1762,"33,153.21","3,484.39",11100,1764,-0.111782477,1.65,,,,,
2021.4.2,"1,701.75",166.80 ,"8,926.50",59.32,2.526,1.1896,"33,800.60","3,450.68",10900,1784,-0.118577075,1.72,,,,,
2021.4.9,"1,744.85",171.93 ,"9,211.00",63.13,2.68,1.1983,"34,200.67","3,426.62",11000,1845,-0.120171674,1.68,,,,,
2021.4.16,"1,749.60",175.64 ,"9,551.50",62.14,2.73,1.2099,"34,043.49","3,474.17",11000,1883,-0.120093458,1.62,,,,,
2021.4.23,"1,784.02",185.90 ,"9,825.00",63.58,2.931,1.2018,"33,874.85","3,446.86",10900,1898,-0.141176471,1.58,,,,,
2021.4.30,"1,772.00",192.37 ,"10,417.00",64.9,2.958,1.2163,"34,777.76","3,418.87",10900,1958,-0.155670548,1.63,,,,,
2021.5.7,"1,807.43",196.87 ,"10,240.50",65.37,2.961,1.214,"34,382.13","3,490.38",11000,2029,-0.162262593,1.6,,,,,
2021.5.14,"1,832.03",226.46 ,"9,881.50",63.58,2.906,1.2179,"34,207.84","3,486.56",11000,2100,-0.161006792,1.65,,,,,
2021.5.21,"1,872.62",214.19 ,"10,258.00",66.32,2.986,1.2189,"34,529.45","3,600.78",11000,2215,-0.151990812,1.64,,,,,
2021.5.28,"1,891.66",191.38 ,"9,955.00",69.62,3.097,1.2165,"34,756.39","3,591.84",10800,2313,-0.147752395,1.59,,,,,
2021.6.4,"1,889.81",207.01 ,"10,003.50",70.91,3.296,1.2106,"34,479.60","3,589.75",11000,2411,-0.141075882,1.6,,,,,
2021.6.11,"1,889.17",212.14 ,"9,145.50",71.64,3.215,1.186,"33,290.08","3,525.10",11200,2427,-0.160788382,1.5,,,,,
2021.6.18,"1,828.65",219.29 ,"9,413.50",74.05,3.496,1.1933,"34,433.84","3,607.56",11100,2482,-0.175962815,1.51,,,,,
2021.6.25,"1,782.64",213.68 ,"9,376.50",75.16,3.7,1.1864,"34,786.35","3,518.76",11100,2558,-0.168670783,1.5,,,,,
2021.7.2,"1,773.31",216.47 ,"9,519.50",74.56,3.674,1.1873,"34,870.16","3,524.09",11300,2574,-0.178423237,1.47,,,,,
2021.7.9,"1,803.91",219.88 ,"9,427.00",71.81,3.674,1.1805,"34,687.85","3,539.30",11400,2629,-0.172750157,1.34,,,,,
2021.7.16,"1,815.50",219.70 ,"9,516.00",72.07,4.06,1.1771,"35,061.55","3,550.40",11400,2678,-0.167029549,1.36,,,,,
2021.7.23,"1,807.83",209.95 ,"9,728.00",73.95,3.914,1.187,"34,935.47","3,397.36",11200,2714,-0.162604135,1.26,,,,,
2021.7.30,"1,810.44",197.12 ,"9,468.00",68.28,4.14,1.176,"35,208.51","3,458.23",11200,2727,-0.167073916,1.26,,,,,
2021.8.6,"1,803.37",179.37 ,"9,570.00",68.44,3.861,1.1791,"35,515.38","3,516.30",11300,2776,-0.166866747,1.22,,,,,
2021.8.13,"1,745.41",163.24 ,"9,037.00",62.32,3.851,1.1696,"35,120.08","3,427.33",11400,2822,-0.163851852,1.34,,,,,
2021.8.20,"1,784.07",150.15 ,"9,410.00",68.74,4.37,1.1793,"35,455.80","3,522.16",11400,2851,-0.166374269,1.26,,,,,
2021.8.27,"1,796.85",148.39 ,"9,431.00",69.29,4.712,1.1882,"35,369.09","3,581.73",11500,2871,-0.169030391,1.31,,,,,
2021.9.3,"1,815.73",148.10 ,"9,694.50",69.72,4.938,1.1814,"34,607.72","3,703.11",10000,2923,-0.170780142,1.3,,,,,
2021.9.10,"1,798.52",132.50 ,"9,312.00",71.97,5.105,1.1725,"34,584.88","3,613.97",10100,3006,-0.168234643,1.35,,,,,
2021.9.17,"1,777.50",114.26 ,"9,332.50",73.98,5.14,1.1714,"34,797.60","3,613.07",10600,3082,-0.1625,1.33,,,,,
2021.9.24,"1,760.48",102.94 ,"9,128.00",75.88,5.619,1.1594,"34,327.45","3,568.17",11100,3170,-0.156017039,1.37,,,,,
2021.10.1,"1,745.21",116.10 ,"9,361.00",79.35,5.565,1.1567,"34,746.71","3,592.17",11300,3288,-0.141738449,1.51,,,,,
2021.10.8,"1,760.56",118.16 ,"10,281.00",82.28,5.41,1.16,"35,295.48","3,572.37",11400,3369,-0.131029146,1.55,,,,,
2021.10.15,"1,776.49",127.87 ,"9,704.00",83.76,5.28,1.1647,"35,677.68","3,582.60",11300,3461,-0.118441161,1.57,,,,,
2021.10.22,"1,782.59",121.78 ,"9,496.00",83.57,5.426,1.1561,"35,819.59","3,547.34",11300,3548,-0.102907712,1.65,,,,,
2021.10.29,"1,791.74",116.23 ,"9,518.00",81.27,5.516,1.1566,"36,329.07","3,491.57",11500,3611,-0.078591477,1.59,,,,,
2021.11.5,"1,789.14",98.11 ,"9,711.00",80.79,4.791,1.145,"36,100.37","3,539.10",11500,3618,-0.07868602,1.54,,,,,
2021.11.12,"1,845.50",91.46 ,"9,646.50",76.1,5.065,1.1288,"35,602.18","3,560.37",11400,3644,-0.079332996,1.53,,,,,
2021.11.19,"1,861.08",89.83 ,"9,460.00",68.15,5.447,1.1317,"34,908.10","3,564.09",11500,3623,-0.080456853,1.6,,,,,
2021.11.26,"1,795.24",99.45 ,"9,418.00",66.26,4.132,1.1313,"34,579.55","3,607.43",11600,3564,-0.095201828,1.61,,,,,
2021.12.3,"1,779.75",102.83 ,"9,506.50",71.67,3.925,1.1311,"35,971.98","3,666.35",11700,3505,-0.089137214,1.43,,,,,
2021.12.10,"1,807.70",108.42 ,"9,437.50",70.86,3.69,1.1239,"35,366.56","3,632.36",11700,3417,-0.082930757,1.48,,,,,
2021.12.17,"1,786.05",114.55 ,"9,568.00",73.79,3.731,1.1317,"35,950.63","3,618.05",11600,3362,-0.059317292,1.44,,,,,
2021.12.24,"1,820.10",125.31 ,"9,720.50",75.21,3.73,1.1368,"36,338.30","3,639.78",11800,3226,-0.067630058,1.47,,,,,
2021.12.31,"1,792.60",120.19 ,"9,647.00",78.9,3.916,1.1359,"36,231.53","3,579.54",11800,3195,-0.040540541,1.51,,,,,
2022.1.7,"1,822.95",125.18 ,"9,719.50",83.82,4.262,1.1414,"35,911.28","3,521.26",11700,3016,-0.056320401,1.7,,,,,
2022.1.14,"1,837.60",129.29 ,"9,941.00",85.14,3.999,1.134,"34,265.50","3,522.57",11700,2810,-0.066134929,1.75,,,,,
2022.1.21,"1,788.15",131.32 ,"9,507.50",86.82,4.639,1.1143,"34,726.20","3,361.44",11600,2591,-0.100659493,1.82,,,,,
2022.1.28,"1,804.70",139.48 ,"9,841.50",92.31,4.572,1.1446,"35,089.15","3,412.20",11500,2323,-0.136110078,1.79,,,,,
2022.2.4,"1,831.15",,"9,860.50",93.1,3.941,1.1349,"34,738.06","3,462.95",11600,2101,-0.165607625,1.83,,,,,
2022.2.11,"1,893.60",,"9,956.00",91.07,4.431,1.1321,"34,079.18","3,490.76",11600,1911,-0.162209557,1.95,,,,,
2022.2.18,"1,884.80",,"9,873.00",91.59,4.47,1.1267,"34,058.75","3,451.41",11600,1782,-0.082861554,1.99,,,,,
2022.2.25,"1,945.30",,"10,674.00",115.68,5.016,1.0926,"33,614.80","3,447.65",11600,1643,-0.109485095,1.97,,,,,
2022.3.4,"1,978.70",,"10,183.50",109.33,4.725,1.0909,"32,944.19","3,309.75",11600,1519,-0.152816509,1.8,,,,,
2022.3.11,"1,935.80",,"10,331.00",104.7,4.863,1.1055,"34,754.93","3,251.07",11600,1440,-0.191919192,1.91,,,,,
2022.3.18,"1,953.80",,"10,267.00",113.9,5.571,1.0981,"34,861.24","3,212.24",11600,1389,-0.206285714,2.16,,,,,
2022.3.25,"1,929.40",,"10,353.50",99.27,5.72,1.1053,"34,818.27","3,282.72",11700,1415,-0.197845805,2.37,,,,,
2022.4.1,"1,941.40",,"10,323.50",98.26,6.278,1.0876,"34,721.12","3,251.85",11800,1382,-0.225336323,2.39,,,,,
2022.4.8,"1,963.25",,"10,315.00",106.95,7.3,1.0806,"34,451.23","3,211.24",11800,1397,-0.242818428,2.59,,,,,
2022.4.15,"1,941.55",,"10,110.00",102.07,6.534,1.0794,"33,811.40","3,086.92",11900,1450,-0.229952204,2.76,,,,,
2022.4.22,"1,911.30",,"9,769.50",104.69,7.244,1.0541,"32,977.21","3,047.06",11900,1490,-0.214963119,2.89,,,,,
2022.4.29,"1,882.35",,"9,414.50",109.77,8.043,1.0551,"32,899.37","3,001.56",11900,1567,-0.199693565,2.83,,,,,
2022.5.6,"1,811.55",,"9,159.00",110.49,7.663,1.0411,"32,195.94","3,084.28",11800,1643,-0.190241498,3.01,,,,,
2022.5.13,"1,834.20",,"9,422.00",113.23,8.083,1.056,"31,260.58","3,146.57",11900,1732,-0.175238095,2.94,,,,,
2022.5.20,"1,851.80",,"9,459.00",115.07,8.727,1.0727,"33,213.55","3,130.24",11900,1812,-0.181941309,2.87,,,,,
2022.5.27,,,"9,539.00",116.22,8.704,1.0784,,"3,149.06",,,,,,,,,
,,,,,,,,,,,,,,,,,
,,,,,,,,,,,,,,,,,
,,,,,,,,,,,,,,,,,
,,,,,,,,,,,,,,,,,
,,,,,,,,,,,,,,,,,
,,,,,,,,,,,,,,,,,
,,,,,,,,,,,,,,,,,
,,,,,,,,,,,,,,,,,
,,,,,,,,,,,,,,,,,
,,,,,,,,,,,,,,,,,
,,,,,,,,,,,,,,,,,
,,,,,,,,,,,,,,,,,
,,,,,,,,,,,,,,,,,
,,,,,,,,,,,,,,,,,
,,,,,,,,,,,,,,,,,
,,,,,,,,,,,,,,,,,
,,,,,,,,,,,,,,,,,
,,,,,,,,,,,,,,,,,
,,,,,,,,,,,,,,,,,
,,,,,,,,,,,,,,,,,
,,,,,,,,,,,,,,,,,
,,,,,,,,,,,,,,,,,
,,,,,,,,,,,,,,,,,
,,,,,,,,,,,,,,,,,
,,,,,,,,,,,,,,,,,
,,,,,,,,,,,,,,,,,
,,,,,,,,,,,,,,,,,
,,,,,,,,,,,,,,,,,
,,,,,,,,,,,,,,,,,
,,,,,,,,,,,,,,,,,
,,,,,,,,,,,,,,,,,
,,,,,,,,,,,,,,,,,
,,,,,,,,,,,,,,,,,
,,,,,,,,,,,,,,,,,
,,,,,,,,,,,,,,,,,
,,,,,,,,,,,,,,,,,
,,,,,,,,,,,,,,,,,
,,,,,,,,,,,,,,,,,
,,,,,,,,,,,,,,,,,
,,,,,,,,,,,,,,,,,
,,,,,,,,,,,,,,,,,
,,,,,,,,,,,,,,,,,
,,,,,,,,,,,,,,,,,
,,,,,,,,,,,,,,,,,
,,,,,,,,,,,,,,,,,
,,,,,,,,,,,,,,,,,
,,,,,,,,,,,,,,,,,
,,,,,,,,,,,,,,,,,
,,,,,,,,,,,,,,,,,
,,,,,,,,,,,,,,,,,
,,,,,,,,,,,,,,,,,